variant,seed,scenario,nodes,topology,attack,mode,detection_rate,fpr,detection_latency_s,energy_overhead_pct,cpu_overhead_pct,ram_overhead_kb,alert_overhead_pkt_h,control_overhead_pkt_h,network_lifetime_h,cluster_stability,status
B1,1,rank,50,grid,rank,balanced,0.7771,0.0286,113.0,6.56,6.42,2.52,51.7,16.3,2.515,0.492,SYNTHETIC
B2,1,rank,50,grid,rank,balanced,0.8246,0.0593,83.2,6.39,5.9,2.32,81.2,22.1,2.503,0.5393,SYNTHETIC
B3,1,rank,50,grid,rank,balanced,0.8606,0.0184,120.8,6.09,7.74,2.0,51.9,22.7,2.802,0.5074,SYNTHETIC
CLUSTERIDS,1,rank,50,grid,rank,balanced,0.9414,0.0179,144.3,11.81,4.27,2.33,53.3,22.9,2.789,0.8434,SYNTHETIC
B1,1,sel_fwd,50,grid,sel_fwd,balanced,0.7783,0.0276,107.3,7.03,2.48,1.85,53.2,19.5,2.682,0.5144,SYNTHETIC
B2,1,sel_fwd,50,grid,sel_fwd,balanced,0.8106,0.054,112.0,11.56,5.89,2.41,83.8,12.5,2.69,0.5427,SYNTHETIC
B3,1,sel_fwd,50,grid,sel_fwd,balanced,0.8785,0.0292,146.8,9.79,7.06,2.66,50.2,14.7,2.634,0.5076,SYNTHETIC
CLUSTERIDS,1,sel_fwd,50,grid,sel_fwd,balanced,0.9416,0.0486,185.2,7.2,5.93,2.09,54.8,14.0,2.623,0.863,SYNTHETIC
B1,1,wormhole,50,grid,wormhole,balanced,0.7355,0.0277,150.2,11.28,4.4,1.83,56.0,11.4,2.524,0.4994,SYNTHETIC
B2,1,wormhole,50,grid,wormhole,balanced,0.8117,0.0571,175.0,7.96,2.38,2.07,86.1,24.6,2.93,0.4991,SYNTHETIC
B3,1,wormhole,50,grid,wormhole,balanced,0.8519,0.0309,161.8,8.76,3.6,2.46,54.1,16.8,2.977,0.5207,SYNTHETIC
CLUSTERIDS,1,wormhole,50,grid,wormhole,balanced,0.9111,0.0256,140.1,6.25,7.48,2.81,47.9,19.1,2.576,0.9209,SYNTHETIC
B1,1,dao_flood,50,grid,dao_flood,balanced,0.782,0.0201,173.4,8.71,2.0,1.99,61.4,23.2,2.916,0.5084,SYNTHETIC
B2,1,dao_flood,50,grid,dao_flood,balanced,0.8176,0.0526,185.4,11.63,2.51,2.23,87.7,21.5,2.564,0.5214,SYNTHETIC
B3,1,dao_flood,50,grid,dao_flood,balanced,0.825,0.0316,111.8,11.11,4.54,1.82,42.2,13.0,2.656,0.4881,SYNTHETIC
CLUSTERIDS,1,dao_flood,50,grid,dao_flood,balanced,0.959,0.0296,132.6,8.62,2.73,1.84,46.5,13.5,2.61,0.914,SYNTHETIC
B1,1,mixed,50,grid,mixed,balanced,0.8055,0.0349,107.5,11.34,7.16,1.61,50.6,13.2,2.566,0.5445,SYNTHETIC
B2,1,mixed,50,grid,mixed,balanced,0.8439,0.0459,136.7,10.49,6.84,1.79,84.4,16.4,2.734,0.5182,SYNTHETIC
B3,1,mixed,50,grid,mixed,balanced,0.8461,0.0181,198.1,5.69,4.42,2.01,52.4,12.9,2.724,0.4827,SYNTHETIC
CLUSTERIDS,1,mixed,50,grid,mixed,balanced,0.9157,0.033,110.0,11.46,4.66,2.79,48.5,25.0,2.918,0.877,SYNTHETIC
CLUSTERIDS,1,mixed,50,grid,mixed,full,0.9948,0.0223,149.4,11.29,7.3,2.8,55.7,18,2.6,0.9197,SYNTHETIC
CLUSTERIDS,1,mixed,50,grid,mixed,balanced,0.9482,0.0271,159.0,8.42,5.52,2.8,39.0,18,2.8,0.9059,SYNTHETIC
CLUSTERIDS,1,mixed,50,grid,mixed,eco,0.8833,0.0098,128.9,5.44,2.83,2.8,25.7,18,3.0,0.9504,SYNTHETIC
CLUSTERIDS,1,mixed,50,grid,mixed,balanced,0.908,0.034,151.1,6.29,5,2.8,30.9,16,2.75,0.8261,SYNTHETIC
CLUSTERIDS_NOCLUS,1,mixed,50,grid,mixed,balanced,0.867,0.0353,167.1,6.4,5,2.8,37.1,16,2.75,0.8995,SYNTHETIC
CLUSTERIDS_NOML,1,mixed,50,grid,mixed,balanced,0.8834,0.0335,104.0,10.45,5,2.8,35.1,16,2.75,0.9037,SYNTHETIC
CLUSTERIDS_NOCTX,1,mixed,50,grid,mixed,balanced,0.8647,0.0329,138.8,8.61,5,2.8,37.5,16,2.75,0.8392,SYNTHETIC
CLUSTERIDS_NOENR,1,mixed,50,grid,mixed,balanced,0.8669,0.0328,124.7,9.36,5,2.8,33.9,16,2.75,0.8832,SYNTHETIC
B2,1,mixed,100,grid,mixed,balanced,0.8101,0.03,130,8,5,2.8,73.1,15,2.7,0.87,SYNTHETIC
CLUSTERIDS,1,mixed,100,grid,mixed,balanced,0.8505,0.03,130,8,5,2.8,41.7,15,2.7,0.87,SYNTHETIC
B2,1,mixed,200,grid,mixed,balanced,0.8078,0.03,130,8,5,2.8,110.0,15,2.7,0.87,SYNTHETIC
CLUSTERIDS,1,mixed,200,grid,mixed,balanced,0.9136,0.03,130,8,5,2.8,52.8,15,2.7,0.87,SYNTHETIC
B2,1,mixed,300,grid,mixed,balanced,0.8277,0.03,130,8,5,2.8,140.8,15,2.7,0.87,SYNTHETIC
CLUSTERIDS,1,mixed,300,grid,mixed,balanced,0.9139,0.03,130,8,5,2.8,57.7,15,2.7,0.87,SYNTHETIC
B2,1,mixed,500,grid,mixed,balanced,0.7908,0.03,130,8,5,2.8,222.9,15,2.7,0.87,SYNTHETIC
CLUSTERIDS,1,mixed,500,grid,mixed,balanced,0.8721,0.03,130,8,5,2.8,78.4,15,2.7,0.87,SYNTHETIC
B1,2,rank,50,grid,rank,balanced,0.809,0.0291,80.9,10.72,3.8,2.5,52.5,11.7,2.554,0.494,SYNTHETIC
B2,2,rank,50,grid,rank,balanced,0.8049,0.0479,152.6,10.02,3.22,2.45,79.5,23.6,2.923,0.5346,SYNTHETIC
B3,2,rank,50,grid,rank,balanced,0.8676,0.0346,113.2,5.02,6.63,2.46,49.4,18.3,2.714,0.5492,SYNTHETIC
CLUSTERIDS,2,rank,50,grid,rank,balanced,0.9379,0.0302,186.0,11.33,5.27,2.75,47.5,11.9,2.654,0.8716,SYNTHETIC
B1,2,sel_fwd,50,grid,sel_fwd,balanced,0.8087,0.0215,183.3,11.29,3.26,1.87,56.9,23.3,2.703,0.5314,SYNTHETIC
B2,2,sel_fwd,50,grid,sel_fwd,balanced,0.8116,0.0468,191.6,11.05,7.86,2.72,80.8,21.0,2.666,0.4954,SYNTHETIC
B3,2,sel_fwd,50,grid,sel_fwd,balanced,0.8827,0.0239,183.7,10.68,3.6,2.68,57.9,22.9,2.611,0.5382,SYNTHETIC
CLUSTERIDS,2,sel_fwd,50,grid,sel_fwd,balanced,0.939,0.0219,116.6,10.57,3.37,1.54,51.6,23.0,2.983,0.9051,SYNTHETIC
B1,2,wormhole,50,grid,wormhole,balanced,0.7448,0.0413,128.0,11.87,5.22,2.91,59.9,12.7,2.981,0.5528,SYNTHETIC
B2,2,wormhole,50,grid,wormhole,balanced,0.7891,0.0538,132.1,10.1,3.88,2.41,75.1,18.6,2.627,0.4979,SYNTHETIC
B3,2,wormhole,50,grid,wormhole,balanced,0.8197,0.0296,191.1,8.77,6.32,2.61,47.7,11.0,2.832,0.4749,SYNTHETIC
CLUSTERIDS,2,wormhole,50,grid,wormhole,balanced,0.8916,0.0361,181.8,10.04,3.8,1.96,45.7,14.4,2.564,0.8966,SYNTHETIC
B1,2,dao_flood,50,grid,dao_flood,balanced,0.7383,0.0391,161.3,11.32,5.69,1.95,49.9,14.3,2.715,0.4997,SYNTHETIC
B2,2,dao_flood,50,grid,dao_flood,balanced,0.7944,0.0444,135.8,8.1,3.28,2.21,87.3,12.5,2.542,0.4689,SYNTHETIC
B3,2,dao_flood,50,grid,dao_flood,balanced,0.8218,0.0289,120.2,10.73,6.51,2.51,50.5,10.4,2.622,0.5197,SYNTHETIC
CLUSTERIDS,2,dao_flood,50,grid,dao_flood,balanced,0.8915,0.0324,88.7,7.9,5.78,1.79,48.1,13.7,2.828,0.8469,SYNTHETIC
B1,2,mixed,50,grid,mixed,balanced,0.8133,0.0305,172.4,5.75,4.55,1.76,55.8,10.8,2.625,0.4905,SYNTHETIC
B2,2,mixed,50,grid,mixed,balanced,0.8328,0.0428,176.2,9.67,7.93,2.39,90.0,19.2,2.86,0.4805,SYNTHETIC
B3,2,mixed,50,grid,mixed,balanced,0.8123,0.0295,145.7,11.28,6.46,2.21,49.8,19.6,2.883,0.5226,SYNTHETIC
CLUSTERIDS,2,mixed,50,grid,mixed,balanced,0.9022,0.0285,113.0,5.54,3.71,1.91,47.4,12.1,2.616,0.9139,SYNTHETIC
CLUSTERIDS,2,mixed,50,grid,mixed,full,0.9392,0.0162,94.5,10.48,7.21,2.8,53.2,18,2.6,0.9069,SYNTHETIC
CLUSTERIDS,2,mixed,50,grid,mixed,balanced,0.892,0.0313,130.9,8.17,4.44,2.8,42.3,18,2.8,0.8805,SYNTHETIC
CLUSTERIDS,2,mixed,50,grid,mixed,eco,0.8386,0.0152,142.7,6.25,2.41,2.8,23.7,18,3.0,0.9162,SYNTHETIC
CLUSTERIDS,2,mixed,50,grid,mixed,balanced,0.9039,0.0361,111.5,7.1,5,2.8,34.1,16,2.75,0.8538,SYNTHETIC
CLUSTERIDS_NOCLUS,2,mixed,50,grid,mixed,balanced,0.8445,0.0529,125.3,6.83,5,2.8,33.0,16,2.75,0.8543,SYNTHETIC
CLUSTERIDS_NOML,2,mixed,50,grid,mixed,balanced,0.8866,0.0384,124.6,8.82,5,2.8,40.7,16,2.75,0.8597,SYNTHETIC
CLUSTERIDS_NOCTX,2,mixed,50,grid,mixed,balanced,0.8946,0.0484,98.8,7.9,5,2.8,35.8,16,2.75,0.8846,SYNTHETIC
CLUSTERIDS_NOENR,2,mixed,50,grid,mixed,balanced,0.8714,0.0303,151.4,10.16,5,2.8,35.0,16,2.75,0.8665,SYNTHETIC
B2,2,mixed,100,grid,mixed,balanced,0.8347,0.03,130,8,5,2.8,75.8,15,2.7,0.87,SYNTHETIC
CLUSTERIDS,2,mixed,100,grid,mixed,balanced,0.9386,0.03,130,8,5,2.8,37.0,15,2.7,0.87,SYNTHETIC
B2,2,mixed,200,grid,mixed,balanced,0.7795,0.03,130,8,5,2.8,102.9,15,2.7,0.87,SYNTHETIC
CLUSTERIDS,2,mixed,200,grid,mixed,balanced,0.8906,0.03,130,8,5,2.8,42.2,15,2.7,0.87,SYNTHETIC
B2,2,mixed,300,grid,mixed,balanced,0.8027,0.03,130,8,5,2.8,144.0,15,2.7,0.87,SYNTHETIC
CLUSTERIDS,2,mixed,300,grid,mixed,balanced,0.9114,0.03,130,8,5,2.8,61.4,15,2.7,0.87,SYNTHETIC
B2,2,mixed,500,grid,mixed,balanced,0.7909,0.03,130,8,5,2.8,220.3,15,2.7,0.87,SYNTHETIC
CLUSTERIDS,2,mixed,500,grid,mixed,balanced,0.8671,0.03,130,8,5,2.8,83.6,15,2.7,0.87,SYNTHETIC
B1,3,rank,50,grid,rank,balanced,0.7693,0.017,100.1,9.25,6.49,1.67,55.5,11.6,2.513,0.4297,SYNTHETIC
B2,3,rank,50,grid,rank,balanced,0.8086,0.0611,195.0,7.78,6.29,1.61,77.4,11.5,2.886,0.4608,SYNTHETIC
B3,3,rank,50,grid,rank,balanced,0.866,0.0212,94.5,11.89,6.7,2.02,45.7,17.6,2.671,0.5126,SYNTHETIC
CLUSTERIDS,3,rank,50,grid,rank,balanced,0.9518,0.0179,92.7,11.73,5.81,2.74,48.6,21.0,2.983,0.8491,SYNTHETIC
B1,3,sel_fwd,50,grid,sel_fwd,balanced,0.7754,0.0444,144.6,8.38,4.61,2.6,48.9,22.5,2.543,0.5582,SYNTHETIC
B2,3,sel_fwd,50,grid,sel_fwd,balanced,0.831,0.046,135.8,9.27,4.27,1.54,81.9,13.2,2.899,0.4847,SYNTHETIC
B3,3,sel_fwd,50,grid,sel_fwd,balanced,0.8278,0.0439,164.1,6.93,2.06,2.92,56.9,17.3,2.879,0.5245,SYNTHETIC
CLUSTERIDS,3,sel_fwd,50,grid,sel_fwd,balanced,0.9195,0.0193,138.9,10.55,2.56,1.83,48.5,18.7,2.737,0.856,SYNTHETIC
B1,3,wormhole,50,grid,wormhole,balanced,0.7293,0.0284,169.5,7.32,6.22,1.91,50.0,12.9,2.56,0.5152,SYNTHETIC
B2,3,wormhole,50,grid,wormhole,balanced,0.757,0.047,102.2,6.51,4.91,2.59,86.0,14.2,2.55,0.4946,SYNTHETIC
B3,3,wormhole,50,grid,wormhole,balanced,0.8249,0.0354,101.5,5.1,5.2,1.91,56.3,20.5,2.563,0.4939,SYNTHETIC
CLUSTERIDS,3,wormhole,50,grid,wormhole,balanced,0.9157,0.0232,184.7,9.02,4.82,2.16,50.7,24.1,2.739,0.8889,SYNTHETIC
B1,3,dao_flood,50,grid,dao_flood,balanced,0.7889,0.0227,88.9,9.41,2.32,1.72,46.1,24.9,2.559,0.4902,SYNTHETIC
B2,3,dao_flood,50,grid,dao_flood,balanced,0.8225,0.0391,174.9,6.58,5.14,2.18,70.7,24.9,2.653,0.521,SYNTHETIC
B3,3,dao_flood,50,grid,dao_flood,balanced,0.8301,0.0224,168.8,11.63,3.25,1.82,48.4,12.6,2.538,0.4852,SYNTHETIC
CLUSTERIDS,3,dao_flood,50,grid,dao_flood,balanced,0.9519,0.0301,151.3,7.04,3.39,2.56,48.4,20.3,2.962,0.8484,SYNTHETIC
B1,3,mixed,50,grid,mixed,balanced,0.7866,0.0191,159.3,11.54,4.55,2.32,43.4,22.4,2.536,0.4475,SYNTHETIC
B2,3,mixed,50,grid,mixed,balanced,0.8286,0.0559,169.9,8.98,3.73,1.69,77.1,24.1,2.75,0.4569,SYNTHETIC
B3,3,mixed,50,grid,mixed,balanced,0.8418,0.0301,84.8,8.02,3.93,1.88,60.7,22.5,2.788,0.5416,SYNTHETIC
CLUSTERIDS,3,mixed,50,grid,mixed,balanced,1.0,0.0204,160.7,6.89,2.24,2.63,42.9,23.7,2.591,0.888,SYNTHETIC
CLUSTERIDS,3,mixed,50,grid,mixed,full,0.9256,0.0206,124.4,11.39,7.15,2.8,52.8,18,2.6,0.9258,SYNTHETIC
CLUSTERIDS,3,mixed,50,grid,mixed,balanced,0.9412,0.0208,138.6,8.21,5.7,2.8,43.5,18,2.8,0.8767,SYNTHETIC
CLUSTERIDS,3,mixed,50,grid,mixed,eco,0.8033,0.0165,112.6,6.0,2.94,2.8,19.1,18,3.0,0.8945,SYNTHETIC
CLUSTERIDS,3,mixed,50,grid,mixed,balanced,0.9163,0.0295,126.0,6.94,5,2.8,30.7,16,2.75,0.9013,SYNTHETIC
CLUSTERIDS_NOCLUS,3,mixed,50,grid,mixed,balanced,0.8362,0.028,110.3,8.75,5,2.8,38.9,16,2.75,0.8311,SYNTHETIC
CLUSTERIDS_NOML,3,mixed,50,grid,mixed,balanced,0.8867,0.0352,168.0,9.04,5,2.8,35.2,16,2.75,0.8734,SYNTHETIC
CLUSTERIDS_NOCTX,3,mixed,50,grid,mixed,balanced,0.8559,0.036,102.0,10.96,5,2.8,38.8,16,2.75,0.8269,SYNTHETIC
CLUSTERIDS_NOENR,3,mixed,50,grid,mixed,balanced,0.898,0.0527,132.4,9.58,5,2.8,31.8,16,2.75,0.8482,SYNTHETIC
B2,3,mixed,100,grid,mixed,balanced,0.8384,0.03,130,8,5,2.8,62.9,15,2.7,0.87,SYNTHETIC
CLUSTERIDS,3,mixed,100,grid,mixed,balanced,0.921,0.03,130,8,5,2.8,43.3,15,2.7,0.87,SYNTHETIC
B2,3,mixed,200,grid,mixed,balanced,0.7664,0.03,130,8,5,2.8,117.5,15,2.7,0.87,SYNTHETIC
CLUSTERIDS,3,mixed,200,grid,mixed,balanced,0.8689,0.03,130,8,5,2.8,48.5,15,2.7,0.87,SYNTHETIC
B2,3,mixed,300,grid,mixed,balanced,0.8006,0.03,130,8,5,2.8,142.0,15,2.7,0.87,SYNTHETIC
CLUSTERIDS,3,mixed,300,grid,mixed,balanced,0.9052,0.03,130,8,5,2.8,56.0,15,2.7,0.87,SYNTHETIC
B2,3,mixed,500,grid,mixed,balanced,0.7918,0.03,130,8,5,2.8,212.6,15,2.7,0.87,SYNTHETIC
CLUSTERIDS,3,mixed,500,grid,mixed,balanced,0.887,0.03,130,8,5,2.8,81.3,15,2.7,0.87,SYNTHETIC
B1,4,rank,50,grid,rank,balanced,0.772,0.0401,199.9,8.43,2.89,2.31,46.4,18.2,2.728,0.5314,SYNTHETIC
B2,4,rank,50,grid,rank,balanced,0.8144,0.0547,163.7,9.0,3.4,2.66,88.0,20.6,2.906,0.5134,SYNTHETIC
B3,4,rank,50,grid,rank,balanced,0.8277,0.0378,178.5,11.87,4.97,1.56,43.3,23.0,2.937,0.4994,SYNTHETIC
CLUSTERIDS,4,rank,50,grid,rank,balanced,0.9073,0.0336,134.8,10.06,4.46,2.48,53.2,24.5,2.669,0.9079,SYNTHETIC
B1,4,sel_fwd,50,grid,sel_fwd,balanced,0.7698,0.0192,182.2,10.97,7.16,2.07,46.8,21.4,2.936,0.5437,SYNTHETIC
B2,4,sel_fwd,50,grid,sel_fwd,balanced,0.8273,0.0507,155.7,11.45,7.98,2.62,77.9,19.5,2.936,0.5055,SYNTHETIC
B3,4,sel_fwd,50,grid,sel_fwd,balanced,0.8211,0.0343,188.4,5.32,6.78,1.94,48.0,18.0,2.783,0.5119,SYNTHETIC
CLUSTERIDS,4,sel_fwd,50,grid,sel_fwd,balanced,0.9332,0.0253,89.5,11.1,5.72,1.86,52.4,16.9,2.627,0.8713,SYNTHETIC
B1,4,wormhole,50,grid,wormhole,balanced,0.7499,0.0311,176.6,11.31,6.07,1.74,45.7,18.8,2.819,0.5099,SYNTHETIC
B2,4,wormhole,50,grid,wormhole,balanced,0.7765,0.0528,181.4,6.39,4.31,2.22,80.5,18.6,2.996,0.539,SYNTHETIC
B3,4,wormhole,50,grid,wormhole,balanced,0.8045,0.0512,159.0,6.92,5.4,2.53,49.9,19.1,2.748,0.4905,SYNTHETIC
CLUSTERIDS,4,wormhole,50,grid,wormhole,balanced,0.9135,0.0263,175.9,9.25,4.11,2.45,44.5,20.8,2.83,0.8489,SYNTHETIC
B1,4,dao_flood,50,grid,dao_flood,balanced,0.7948,0.0204,188.4,9.52,3.85,2.16,42.9,11.4,2.648,0.4766,SYNTHETIC
B2,4,dao_flood,50,grid,dao_flood,balanced,0.8198,0.045,95.9,8.78,7.83,2.3,88.1,13.9,2.912,0.4708,SYNTHETIC
B3,4,dao_flood,50,grid,dao_flood,balanced,0.814,0.0317,169.6,7.37,2.69,2.94,58.3,22.9,2.862,0.5605,SYNTHETIC
CLUSTERIDS,4,dao_flood,50,grid,dao_flood,balanced,0.9819,0.0274,176.6,7.56,6.74,1.52,44.6,20.1,2.836,0.8725,SYNTHETIC
B1,4,mixed,50,grid,mixed,balanced,0.7479,0.0225,192.8,5.76,3.4,1.54,54.8,23.7,2.611,0.4744,SYNTHETIC
B2,4,mixed,50,grid,mixed,balanced,0.8544,0.0558,189.1,7.12,4.45,1.71,84.0,17.4,2.549,0.4915,SYNTHETIC
B3,4,mixed,50,grid,mixed,balanced,0.8582,0.0272,134.4,9.69,6.46,2.92,42.8,12.3,2.707,0.524,SYNTHETIC
CLUSTERIDS,4,mixed,50,grid,mixed,balanced,0.9488,0.0354,129.0,11.66,2.2,2.06,38.5,22.8,2.55,0.9056,SYNTHETIC
CLUSTERIDS,4,mixed,50,grid,mixed,full,0.9401,0.0181,158.4,10.68,7.23,2.8,55.6,18,2.6,0.9095,SYNTHETIC
CLUSTERIDS,4,mixed,50,grid,mixed,balanced,0.9427,0.0196,136.4,8.08,4.69,2.8,47.2,18,2.8,0.9047,SYNTHETIC
CLUSTERIDS,4,mixed,50,grid,mixed,eco,0.8204,0.0181,129.5,6.27,3.21,2.8,28.6,18,3.0,0.9134,SYNTHETIC
CLUSTERIDS,4,mixed,50,grid,mixed,balanced,0.9422,0.0335,106.1,10.5,5,2.8,42.9,16,2.75,0.8514,SYNTHETIC
CLUSTERIDS_NOCLUS,4,mixed,50,grid,mixed,balanced,0.8665,0.0442,113.8,6.87,5,2.8,34.5,16,2.75,0.8422,SYNTHETIC
CLUSTERIDS_NOML,4,mixed,50,grid,mixed,balanced,0.9252,0.0416,112.8,7.62,5,2.8,35.6,16,2.75,0.8617,SYNTHETIC
CLUSTERIDS_NOCTX,4,mixed,50,grid,mixed,balanced,0.8787,0.0278,150.9,8.38,5,2.8,35.8,16,2.75,0.8027,SYNTHETIC
CLUSTERIDS_NOENR,4,mixed,50,grid,mixed,balanced,0.8883,0.0475,165.9,6.22,5,2.8,36.7,16,2.75,0.7714,SYNTHETIC
B2,4,mixed,100,grid,mixed,balanced,0.7881,0.03,130,8,5,2.8,74.3,15,2.7,0.87,SYNTHETIC
CLUSTERIDS,4,mixed,100,grid,mixed,balanced,0.9269,0.03,130,8,5,2.8,36.6,15,2.7,0.87,SYNTHETIC
B2,4,mixed,200,grid,mixed,balanced,0.7799,0.03,130,8,5,2.8,110.7,15,2.7,0.87,SYNTHETIC
CLUSTERIDS,4,mixed,200,grid,mixed,balanced,0.9009,0.03,130,8,5,2.8,43.7,15,2.7,0.87,SYNTHETIC
B2,4,mixed,300,grid,mixed,balanced,0.7966,0.03,130,8,5,2.8,144.0,15,2.7,0.87,SYNTHETIC
CLUSTERIDS,4,mixed,300,grid,mixed,balanced,0.9239,0.03,130,8,5,2.8,64.3,15,2.7,0.87,SYNTHETIC
B2,4,mixed,500,grid,mixed,balanced,0.7847,0.03,130,8,5,2.8,216.6,15,2.7,0.87,SYNTHETIC
CLUSTERIDS,4,mixed,500,grid,mixed,balanced,0.8631,0.03,130,8,5,2.8,80.3,15,2.7,0.87,SYNTHETIC
B1,5,rank,50,grid,rank,balanced,0.7506,0.053,143.7,8.18,5.63,1.65,47.1,19.8,2.884,0.4439,SYNTHETIC
B2,5,rank,50,grid,rank,balanced,0.8175,0.0445,134.2,6.6,4.03,2.18,78.1,16.4,2.833,0.5068,SYNTHETIC
B3,5,rank,50,grid,rank,balanced,0.8419,0.0333,190.8,5.47,6.99,1.64,56.7,22.2,2.778,0.528,SYNTHETIC
CLUSTERIDS,5,rank,50,grid,rank,balanced,0.908,0.0247,119.6,5.86,4.12,2.5,50.0,20.8,2.984,0.8196,SYNTHETIC
B1,5,sel_fwd,50,grid,sel_fwd,balanced,0.765,0.0256,149.4,6.49,5.94,1.84,57.5,15.5,2.881,0.5364,SYNTHETIC
B2,5,sel_fwd,50,grid,sel_fwd,balanced,0.7876,0.0435,181.4,11.82,6.91,2.42,79.3,23.9,2.915,0.4946,SYNTHETIC
B3,5,sel_fwd,50,grid,sel_fwd,balanced,0.8486,0.035,164.3,7.16,4.04,1.51,54.4,16.0,2.571,0.4717,SYNTHETIC
CLUSTERIDS,5,sel_fwd,50,grid,sel_fwd,balanced,0.9267,0.0285,169.5,6.51,4.52,2.01,44.5,21.7,2.784,0.915,SYNTHETIC
B1,5,wormhole,50,grid,wormhole,balanced,0.7557,0.0313,98.9,9.32,6.04,1.91,47.0,16.6,2.637,0.4706,SYNTHETIC
B2,5,wormhole,50,grid,wormhole,balanced,0.7903,0.0461,131.6,6.98,6.07,2.23,79.2,15.9,2.8,0.4921,SYNTHETIC
B3,5,wormhole,50,grid,wormhole,balanced,0.8369,0.0303,105.3,5.96,3.53,1.99,58.3,12.6,2.69,0.5024,SYNTHETIC
CLUSTERIDS,5,wormhole,50,grid,wormhole,balanced,0.8932,0.021,180.0,10.64,2.43,2.79,50.9,23.8,2.931,0.8815,SYNTHETIC
B1,5,dao_flood,50,grid,dao_flood,balanced,0.7568,0.0252,165.1,7.92,2.69,1.53,45.9,19.3,2.916,0.5481,SYNTHETIC
B2,5,dao_flood,50,grid,dao_flood,balanced,0.8275,0.0483,181.3,6.7,5.53,2.29,76.6,15.1,2.667,0.5157,SYNTHETIC
B3,5,dao_flood,50,grid,dao_flood,balanced,0.8618,0.0383,93.7,8.57,7.44,2.02,48.7,22.2,2.618,0.4451,SYNTHETIC
CLUSTERIDS,5,dao_flood,50,grid,dao_flood,balanced,0.938,0.0342,152.3,10.32,5.93,1.77,50.8,21.3,2.88,0.8453,SYNTHETIC
B1,5,mixed,50,grid,mixed,balanced,0.7369,0.0357,147.7,9.45,5.75,2.8,48.0,11.0,2.721,0.4877,SYNTHETIC
B2,5,mixed,50,grid,mixed,balanced,0.8148,0.0561,86.7,8.55,3.86,2.18,88.8,11.2,2.932,0.5198,SYNTHETIC
B3,5,mixed,50,grid,mixed,balanced,0.867,0.0213,140.8,8.24,5.33,2.69,54.3,22.1,2.826,0.48,SYNTHETIC
CLUSTERIDS,5,mixed,50,grid,mixed,balanced,0.9201,0.0382,98.1,5.43,2.62,2.85,45.6,17.6,2.586,0.9195,SYNTHETIC
CLUSTERIDS,5,mixed,50,grid,mixed,full,0.9503,0.0314,120.8,10.71,6.97,2.8,53.3,18,2.6,0.9117,SYNTHETIC
CLUSTERIDS,5,mixed,50,grid,mixed,balanced,0.9147,0.028,131.9,8.68,4.58,2.8,43.2,18,2.8,0.9036,SYNTHETIC
CLUSTERIDS,5,mixed,50,grid,mixed,eco,0.8129,0.0106,140.7,4.9,2.46,2.8,29.9,18,3.0,0.8871,SYNTHETIC
CLUSTERIDS,5,mixed,50,grid,mixed,balanced,0.9204,0.0373,121.2,10.84,5,2.8,33.7,16,2.75,0.8122,SYNTHETIC
CLUSTERIDS_NOCLUS,5,mixed,50,grid,mixed,balanced,0.821,0.0267,118.2,7.88,5,2.8,36.9,16,2.75,0.7792,SYNTHETIC
CLUSTERIDS_NOML,5,mixed,50,grid,mixed,balanced,0.8719,0.0235,150.4,9.43,5,2.8,29.3,16,2.75,0.8405,SYNTHETIC
CLUSTERIDS_NOCTX,5,mixed,50,grid,mixed,balanced,0.8632,0.0444,122.2,6.9,5,2.8,37.2,16,2.75,0.9447,SYNTHETIC
CLUSTERIDS_NOENR,5,mixed,50,grid,mixed,balanced,0.8557,0.0406,105.3,6.39,5,2.8,36.0,16,2.75,0.8347,SYNTHETIC
B2,5,mixed,100,grid,mixed,balanced,0.815,0.03,130,8,5,2.8,65.6,15,2.7,0.87,SYNTHETIC
CLUSTERIDS,5,mixed,100,grid,mixed,balanced,0.9241,0.03,130,8,5,2.8,36.1,15,2.7,0.87,SYNTHETIC
B2,5,mixed,200,grid,mixed,balanced,0.7823,0.03,130,8,5,2.8,117.3,15,2.7,0.87,SYNTHETIC
CLUSTERIDS,5,mixed,200,grid,mixed,balanced,0.9232,0.03,130,8,5,2.8,52.6,15,2.7,0.87,SYNTHETIC
B2,5,mixed,300,grid,mixed,balanced,0.8098,0.03,130,8,5,2.8,153.0,15,2.7,0.87,SYNTHETIC
CLUSTERIDS,5,mixed,300,grid,mixed,balanced,0.9048,0.03,130,8,5,2.8,52.0,15,2.7,0.87,SYNTHETIC
B2,5,mixed,500,grid,mixed,balanced,0.7809,0.03,130,8,5,2.8,219.6,15,2.7,0.87,SYNTHETIC
CLUSTERIDS,5,mixed,500,grid,mixed,balanced,0.8545,0.03,130,8,5,2.8,89.0,15,2.7,0.87,SYNTHETIC
B1,6,rank,50,grid,rank,balanced,0.7817,0.0386,114.2,10.24,4.69,2.3,46.7,17.0,2.918,0.5508,SYNTHETIC
B2,6,rank,50,grid,rank,balanced,0.7873,0.0643,198.1,8.23,3.69,2.07,67.2,22.3,2.901,0.4866,SYNTHETIC
B3,6,rank,50,grid,rank,balanced,0.8598,0.0346,156.9,11.12,5.33,1.65,55.5,14.3,2.882,0.4518,SYNTHETIC
CLUSTERIDS,6,rank,50,grid,rank,balanced,0.9238,0.0472,97.7,8.06,7.68,1.83,45.6,10.4,2.527,0.8884,SYNTHETIC
B1,6,sel_fwd,50,grid,sel_fwd,balanced,0.7653,0.0299,199.3,7.62,2.17,2.9,53.9,21.9,2.569,0.4632,SYNTHETIC
B2,6,sel_fwd,50,grid,sel_fwd,balanced,0.8114,0.0647,163.5,5.97,6.23,2.17,82.0,13.8,2.917,0.5004,SYNTHETIC
B3,6,sel_fwd,50,grid,sel_fwd,balanced,0.8193,0.0261,143.3,5.78,3.73,1.95,55.0,21.9,2.729,0.5093,SYNTHETIC
CLUSTERIDS,6,sel_fwd,50,grid,sel_fwd,balanced,0.9633,0.0411,151.6,5.12,5.09,1.86,53.3,19.2,2.62,0.9049,SYNTHETIC
B1,6,wormhole,50,grid,wormhole,balanced,0.7244,0.0359,90.3,11.82,2.41,2.29,35.1,18.3,2.695,0.4959,SYNTHETIC
B2,6,wormhole,50,grid,wormhole,balanced,0.7621,0.0521,197.7,6.78,2.1,2.68,75.4,19.4,2.886,0.5404,SYNTHETIC
B3,6,wormhole,50,grid,wormhole,balanced,0.8183,0.0228,85.3,8.82,6.88,1.76,51.0,20.4,2.816,0.467,SYNTHETIC
CLUSTERIDS,6,wormhole,50,grid,wormhole,balanced,0.9027,0.0273,173.1,8.2,3.76,1.57,50.5,24.0,2.758,0.8883,SYNTHETIC
B1,6,dao_flood,50,grid,dao_flood,balanced,0.805,0.0293,110.4,10.27,3.15,2.04,51.9,15.0,2.562,0.441,SYNTHETIC
B2,6,dao_flood,50,grid,dao_flood,balanced,0.7916,0.0624,169.2,11.26,4.32,2.96,74.1,23.9,2.76,0.5008,SYNTHETIC
B3,6,dao_flood,50,grid,dao_flood,balanced,0.8602,0.0178,89.5,9.22,6.93,2.32,49.1,19.9,2.653,0.511,SYNTHETIC
CLUSTERIDS,6,dao_flood,50,grid,dao_flood,balanced,0.9132,0.0249,162.8,7.46,2.25,2.81,39.3,14.1,2.99,0.9651,SYNTHETIC
B1,6,mixed,50,grid,mixed,balanced,0.7875,0.029,156.5,7.54,6.81,2.52,52.7,19.1,2.891,0.4951,SYNTHETIC
B2,6,mixed,50,grid,mixed,balanced,0.8273,0.0506,173.4,7.56,4.3,2.35,74.0,24.2,2.686,0.4723,SYNTHETIC
B3,6,mixed,50,grid,mixed,balanced,0.8521,0.0196,143.5,7.79,5.9,1.87,56.2,17.5,2.693,0.532,SYNTHETIC
CLUSTERIDS,6,mixed,50,grid,mixed,balanced,0.9156,0.0276,111.2,8.12,7.98,1.93,55.0,11.8,2.926,0.8625,SYNTHETIC
CLUSTERIDS,6,mixed,50,grid,mixed,full,0.9091,0.0288,121.2,11.64,7.24,2.8,56.5,18,2.6,0.8855,SYNTHETIC
CLUSTERIDS,6,mixed,50,grid,mixed,balanced,0.9258,0.0268,128.0,9.26,4.63,2.8,40.4,18,2.8,0.8555,SYNTHETIC
CLUSTERIDS,6,mixed,50,grid,mixed,eco,0.797,0.0069,125.6,5.74,3.14,2.8,31.4,18,3.0,0.9271,SYNTHETIC
CLUSTERIDS,6,mixed,50,grid,mixed,balanced,0.9551,0.0421,122.7,10.02,5,2.8,29.8,16,2.75,0.8325,SYNTHETIC
CLUSTERIDS_NOCLUS,6,mixed,50,grid,mixed,balanced,0.8747,0.0444,170.0,9.59,5,2.8,28.2,16,2.75,0.839,SYNTHETIC
CLUSTERIDS_NOML,6,mixed,50,grid,mixed,balanced,0.8935,0.0365,167.9,9.21,5,2.8,29.3,16,2.75,0.8687,SYNTHETIC
CLUSTERIDS_NOCTX,6,mixed,50,grid,mixed,balanced,0.857,0.057,153.5,9.2,5,2.8,39.3,16,2.75,0.9448,SYNTHETIC
CLUSTERIDS_NOENR,6,mixed,50,grid,mixed,balanced,0.8299,0.049,99.2,6.62,5,2.8,36.4,16,2.75,0.8697,SYNTHETIC
B2,6,mixed,100,grid,mixed,balanced,0.7961,0.03,130,8,5,2.8,82.1,15,2.7,0.87,SYNTHETIC
CLUSTERIDS,6,mixed,100,grid,mixed,balanced,0.893,0.03,130,8,5,2.8,46.8,15,2.7,0.87,SYNTHETIC
B2,6,mixed,200,grid,mixed,balanced,0.8306,0.03,130,8,5,2.8,104.1,15,2.7,0.87,SYNTHETIC
CLUSTERIDS,6,mixed,200,grid,mixed,balanced,0.9099,0.03,130,8,5,2.8,56.1,15,2.7,0.87,SYNTHETIC
B2,6,mixed,300,grid,mixed,balanced,0.7802,0.03,130,8,5,2.8,144.2,15,2.7,0.87,SYNTHETIC
CLUSTERIDS,6,mixed,300,grid,mixed,balanced,0.892,0.03,130,8,5,2.8,66.8,15,2.7,0.87,SYNTHETIC
B2,6,mixed,500,grid,mixed,balanced,0.7578,0.03,130,8,5,2.8,215.0,15,2.7,0.87,SYNTHETIC
CLUSTERIDS,6,mixed,500,grid,mixed,balanced,0.8908,0.03,130,8,5,2.8,84.0,15,2.7,0.87,SYNTHETIC
B1,7,rank,50,grid,rank,balanced,0.7627,0.0193,152.6,10.9,5.38,2.74,51.5,19.6,2.788,0.5016,SYNTHETIC
B2,7,rank,50,grid,rank,balanced,0.8001,0.0389,130.0,9.47,4.99,2.44,76.9,17.2,2.902,0.5728,SYNTHETIC
B3,7,rank,50,grid,rank,balanced,0.8433,0.0238,88.8,5.42,4.64,2.23,51.9,14.7,2.859,0.5393,SYNTHETIC
CLUSTERIDS,7,rank,50,grid,rank,balanced,0.9261,0.0142,197.0,5.92,4.22,2.34,47.6,14.0,2.624,0.9105,SYNTHETIC
B1,7,sel_fwd,50,grid,sel_fwd,balanced,0.7936,0.0338,126.1,9.31,3.49,2.8,52.4,18.7,2.656,0.5225,SYNTHETIC
B2,7,sel_fwd,50,grid,sel_fwd,balanced,0.8219,0.0406,141.8,8.49,3.85,1.53,85.6,24.5,2.608,0.488,SYNTHETIC
B3,7,sel_fwd,50,grid,sel_fwd,balanced,0.8461,0.0321,139.4,11.18,5.93,2.21,40.6,16.5,2.941,0.4867,SYNTHETIC
CLUSTERIDS,7,sel_fwd,50,grid,sel_fwd,balanced,0.9252,0.0165,123.9,7.8,5.42,1.79,48.2,17.6,2.882,0.8762,SYNTHETIC
B1,7,wormhole,50,grid,wormhole,balanced,0.7388,0.0536,161.6,5.83,7.85,2.09,51.3,24.1,2.877,0.4738,SYNTHETIC
B2,7,wormhole,50,grid,wormhole,balanced,0.7975,0.0591,140.0,5.32,2.82,2.0,74.5,19.1,2.758,0.5054,SYNTHETIC
B3,7,wormhole,50,grid,wormhole,balanced,0.807,0.0397,99.5,11.93,6.44,1.95,45.2,18.0,2.854,0.5482,SYNTHETIC
CLUSTERIDS,7,wormhole,50,grid,wormhole,balanced,0.8887,0.044,124.2,9.72,7.88,2.38,52.3,20.3,2.513,0.8338,SYNTHETIC
B1,7,dao_flood,50,grid,dao_flood,balanced,0.7284,0.0333,173.9,10.43,5.47,2.58,47.4,19.4,2.81,0.4908,SYNTHETIC
B2,7,dao_flood,50,grid,dao_flood,balanced,0.8261,0.0462,161.7,5.22,7.69,1.66,84.3,12.3,2.845,0.5031,SYNTHETIC
B3,7,dao_flood,50,grid,dao_flood,balanced,0.8208,0.0374,190.5,11.11,6.42,1.59,52.2,14.9,2.831,0.5156,SYNTHETIC
CLUSTERIDS,7,dao_flood,50,grid,dao_flood,balanced,0.9129,0.0289,100.8,11.38,4.05,2.03,51.1,19.6,2.847,0.8325,SYNTHETIC
B1,7,mixed,50,grid,mixed,balanced,0.7699,0.0267,109.6,8.91,3.35,2.96,48.8,13.1,2.852,0.5237,SYNTHETIC
B2,7,mixed,50,grid,mixed,balanced,0.8124,0.0568,192.0,10.57,3.64,1.68,77.8,24.7,2.909,0.4737,SYNTHETIC
B3,7,mixed,50,grid,mixed,balanced,0.8847,0.0259,114.9,7.01,6.28,2.02,46.4,17.2,2.601,0.5082,SYNTHETIC
CLUSTERIDS,7,mixed,50,grid,mixed,balanced,0.8849,0.0255,163.5,5.96,5.69,2.38,50.4,18.0,2.819,0.9246,SYNTHETIC
CLUSTERIDS,7,mixed,50,grid,mixed,full,0.9695,0.027,140.2,11.69,7.3,2.8,58.8,18,2.6,0.9008,SYNTHETIC
CLUSTERIDS,7,mixed,50,grid,mixed,balanced,0.9484,0.0224,155.5,8.91,4.76,2.8,44.4,18,2.8,0.949,SYNTHETIC
CLUSTERIDS,7,mixed,50,grid,mixed,eco,0.8075,0.0228,153.6,6.05,3.21,2.8,23.3,18,3.0,0.893,SYNTHETIC
CLUSTERIDS,7,mixed,50,grid,mixed,balanced,0.9708,0.0314,108.1,10.41,5,2.8,39.0,16,2.75,0.9302,SYNTHETIC
CLUSTERIDS_NOCLUS,7,mixed,50,grid,mixed,balanced,0.8801,0.0398,132.2,10.68,5,2.8,43.9,16,2.75,0.8285,SYNTHETIC
CLUSTERIDS_NOML,7,mixed,50,grid,mixed,balanced,0.892,0.039,137.6,6.54,5,2.8,38.3,16,2.75,0.8465,SYNTHETIC
CLUSTERIDS_NOCTX,7,mixed,50,grid,mixed,balanced,0.905,0.0391,132.0,10.69,5,2.8,37.7,16,2.75,0.8138,SYNTHETIC
CLUSTERIDS_NOENR,7,mixed,50,grid,mixed,balanced,0.8734,0.0446,107.2,8.29,5,2.8,34.9,16,2.75,0.8757,SYNTHETIC
B2,7,mixed,100,grid,mixed,balanced,0.807,0.03,130,8,5,2.8,66.2,15,2.7,0.87,SYNTHETIC
CLUSTERIDS,7,mixed,100,grid,mixed,balanced,0.8894,0.03,130,8,5,2.8,33.5,15,2.7,0.87,SYNTHETIC
B2,7,mixed,200,grid,mixed,balanced,0.8178,0.03,130,8,5,2.8,118.8,15,2.7,0.87,SYNTHETIC
CLUSTERIDS,7,mixed,200,grid,mixed,balanced,0.9399,0.03,130,8,5,2.8,43.4,15,2.7,0.87,SYNTHETIC
B2,7,mixed,300,grid,mixed,balanced,0.7815,0.03,130,8,5,2.8,144.8,15,2.7,0.87,SYNTHETIC
CLUSTERIDS,7,mixed,300,grid,mixed,balanced,0.8938,0.03,130,8,5,2.8,58.2,15,2.7,0.87,SYNTHETIC
B2,7,mixed,500,grid,mixed,balanced,0.7812,0.03,130,8,5,2.8,218.4,15,2.7,0.87,SYNTHETIC
CLUSTERIDS,7,mixed,500,grid,mixed,balanced,0.8802,0.03,130,8,5,2.8,88.9,15,2.7,0.87,SYNTHETIC
B1,8,rank,50,grid,rank,balanced,0.783,0.0433,194.5,7.11,6.34,1.52,45.6,10.9,2.559,0.4621,SYNTHETIC
B2,8,rank,50,grid,rank,balanced,0.8129,0.0576,140.3,11.27,6.22,1.97,88.2,14.4,2.807,0.5449,SYNTHETIC
B3,8,rank,50,grid,rank,balanced,0.8521,0.0342,98.4,10.23,5.63,2.12,44.6,18.1,2.832,0.4897,SYNTHETIC
CLUSTERIDS,8,rank,50,grid,rank,balanced,0.933,0.0359,170.6,11.11,2.49,2.17,49.4,18.5,2.531,0.8684,SYNTHETIC
B1,8,sel_fwd,50,grid,sel_fwd,balanced,0.7573,0.0272,148.7,6.05,3.97,2.28,52.5,18.7,2.545,0.5136,SYNTHETIC
B2,8,sel_fwd,50,grid,sel_fwd,balanced,0.7837,0.0491,134.4,8.59,4.74,1.59,71.2,20.8,2.698,0.5127,SYNTHETIC
B3,8,sel_fwd,50,grid,sel_fwd,balanced,0.8634,0.0179,149.4,5.32,4.07,1.6,61.7,11.0,2.967,0.4974,SYNTHETIC
CLUSTERIDS,8,sel_fwd,50,grid,sel_fwd,balanced,0.9501,0.0316,172.3,10.36,7.87,2.47,36.2,15.7,2.935,0.9252,SYNTHETIC
B1,8,wormhole,50,grid,wormhole,balanced,0.7662,0.0257,161.9,9.63,5.24,2.48,48.2,18.1,2.764,0.5154,SYNTHETIC
B2,8,wormhole,50,grid,wormhole,balanced,0.788,0.0444,80.4,5.16,3.79,2.51,74.1,22.4,2.624,0.4898,SYNTHETIC
B3,8,wormhole,50,grid,wormhole,balanced,0.8109,0.0353,192.5,10.08,2.68,2.71,42.6,23.3,2.508,0.5248,SYNTHETIC
CLUSTERIDS,8,wormhole,50,grid,wormhole,balanced,0.9025,0.0336,84.0,9.18,6.22,1.57,49.7,13.5,2.609,0.8496,SYNTHETIC
B1,8,dao_flood,50,grid,dao_flood,balanced,0.7845,0.0279,140.5,7.02,6.89,2.6,47.2,20.1,2.66,0.5368,SYNTHETIC
B2,8,dao_flood,50,grid,dao_flood,balanced,0.8164,0.0542,159.2,6.55,3.8,1.59,89.8,23.7,2.813,0.4804,SYNTHETIC
B3,8,dao_flood,50,grid,dao_flood,balanced,0.829,0.0341,196.7,11.59,6.03,2.68,47.8,12.2,2.688,0.5283,SYNTHETIC
CLUSTERIDS,8,dao_flood,50,grid,dao_flood,balanced,0.9306,0.0209,181.9,7.11,6.25,2.71,55.5,24.5,2.779,0.8603,SYNTHETIC
B1,8,mixed,50,grid,mixed,balanced,0.7899,0.0345,104.4,9.53,7.53,2.77,56.7,12.9,2.634,0.5264,SYNTHETIC
B2,8,mixed,50,grid,mixed,balanced,0.8075,0.0404,184.8,6.32,6.57,2.59,74.7,23.0,2.666,0.4876,SYNTHETIC
B3,8,mixed,50,grid,mixed,balanced,0.8534,0.0296,192.5,11.73,2.7,3.0,46.3,19.1,2.602,0.503,SYNTHETIC
CLUSTERIDS,8,mixed,50,grid,mixed,balanced,0.9518,0.0248,173.1,7.66,5.2,2.04,49.6,17.5,2.549,0.9159,SYNTHETIC
CLUSTERIDS,8,mixed,50,grid,mixed,full,0.9724,0.0242,148.8,11.41,6.85,2.8,51.7,18,2.6,0.9132,SYNTHETIC
CLUSTERIDS,8,mixed,50,grid,mixed,balanced,0.932,0.0283,108.3,9.1,4.84,2.8,40.5,18,2.8,0.9057,SYNTHETIC
CLUSTERIDS,8,mixed,50,grid,mixed,eco,0.8106,0.0201,148.3,4.77,3.0,2.8,27.1,18,3.0,0.8858,SYNTHETIC
CLUSTERIDS,8,mixed,50,grid,mixed,balanced,0.9527,0.0165,143.1,8.45,5,2.8,38.5,16,2.75,0.912,SYNTHETIC
CLUSTERIDS_NOCLUS,8,mixed,50,grid,mixed,balanced,0.8755,0.054,131.6,10.58,5,2.8,29.5,16,2.75,0.835,SYNTHETIC
CLUSTERIDS_NOML,8,mixed,50,grid,mixed,balanced,0.8949,0.0409,158.5,10.73,5,2.8,31.7,16,2.75,0.7908,SYNTHETIC
CLUSTERIDS_NOCTX,8,mixed,50,grid,mixed,balanced,0.8472,0.0501,112.4,9.54,5,2.8,39.7,16,2.75,0.8527,SYNTHETIC
CLUSTERIDS_NOENR,8,mixed,50,grid,mixed,balanced,0.8506,0.0499,145.0,9.08,5,2.8,30.4,16,2.75,0.8549,SYNTHETIC
B2,8,mixed,100,grid,mixed,balanced,0.8353,0.03,130,8,5,2.8,75.3,15,2.7,0.87,SYNTHETIC
CLUSTERIDS,8,mixed,100,grid,mixed,balanced,0.9445,0.03,130,8,5,2.8,37.5,15,2.7,0.87,SYNTHETIC
B2,8,mixed,200,grid,mixed,balanced,0.7915,0.03,130,8,5,2.8,123.6,15,2.7,0.87,SYNTHETIC
CLUSTERIDS,8,mixed,200,grid,mixed,balanced,0.9464,0.03,130,8,5,2.8,50.0,15,2.7,0.87,SYNTHETIC
B2,8,mixed,300,grid,mixed,balanced,0.7734,0.03,130,8,5,2.8,137.0,15,2.7,0.87,SYNTHETIC
CLUSTERIDS,8,mixed,300,grid,mixed,balanced,0.908,0.03,130,8,5,2.8,59.7,15,2.7,0.87,SYNTHETIC
B2,8,mixed,500,grid,mixed,balanced,0.7793,0.03,130,8,5,2.8,216.6,15,2.7,0.87,SYNTHETIC
CLUSTERIDS,8,mixed,500,grid,mixed,balanced,0.8887,0.03,130,8,5,2.8,90.7,15,2.7,0.87,SYNTHETIC
B1,9,rank,50,grid,rank,balanced,0.7863,0.0242,127.6,7.61,4.44,2.35,53.6,20.3,2.924,0.4987,SYNTHETIC
B2,9,rank,50,grid,rank,balanced,0.7975,0.037,171.2,5.65,4.28,2.33,80.6,12.6,2.75,0.5014,SYNTHETIC
B3,9,rank,50,grid,rank,balanced,0.8179,0.0357,147.9,11.01,2.57,2.29,53.3,23.0,2.944,0.5055,SYNTHETIC
CLUSTERIDS,9,rank,50,grid,rank,balanced,0.9239,0.0304,88.9,11.48,7.4,2.35,61.2,14.7,2.981,0.8942,SYNTHETIC
B1,9,sel_fwd,50,grid,sel_fwd,balanced,0.7515,0.0231,165.5,7.79,2.46,1.74,50.6,15.8,2.948,0.5568,SYNTHETIC
B2,9,sel_fwd,50,grid,sel_fwd,balanced,0.8035,0.0617,96.8,11.92,6.34,2.25,81.6,16.6,2.919,0.4984,SYNTHETIC
B3,9,sel_fwd,50,grid,sel_fwd,balanced,0.8315,0.0415,194.6,7.78,6.64,1.54,47.7,17.4,2.678,0.5929,SYNTHETIC
CLUSTERIDS,9,sel_fwd,50,grid,sel_fwd,balanced,0.9498,0.0269,161.6,9.62,2.51,2.43,52.3,11.2,2.577,0.8347,SYNTHETIC
B1,9,wormhole,50,grid,wormhole,balanced,0.7432,0.019,168.8,7.22,2.64,1.51,48.3,14.0,2.566,0.5265,SYNTHETIC
B2,9,wormhole,50,grid,wormhole,balanced,0.7984,0.0581,146.6,7.86,2.16,2.03,85.6,14.9,2.693,0.5224,SYNTHETIC
B3,9,wormhole,50,grid,wormhole,balanced,0.8149,0.0377,90.2,11.31,7.43,2.97,47.3,15.7,2.569,0.492,SYNTHETIC
CLUSTERIDS,9,wormhole,50,grid,wormhole,balanced,0.8926,0.0388,87.6,8.04,4.53,2.23,53.4,13.7,2.813,0.8906,SYNTHETIC
B1,9,dao_flood,50,grid,dao_flood,balanced,0.769,0.0271,92.8,7.13,7.69,2.0,43.4,14.9,2.667,0.4629,SYNTHETIC
B2,9,dao_flood,50,grid,dao_flood,balanced,0.8358,0.0355,196.9,5.95,3.92,2.92,81.3,24.5,2.984,0.5248,SYNTHETIC
B3,9,dao_flood,50,grid,dao_flood,balanced,0.8421,0.0419,138.9,9.03,3.45,2.06,52.0,11.7,2.782,0.4726,SYNTHETIC
CLUSTERIDS,9,dao_flood,50,grid,dao_flood,balanced,0.909,0.0245,161.8,8.85,7.72,2.19,48.6,14.4,2.846,0.8489,SYNTHETIC
B1,9,mixed,50,grid,mixed,balanced,0.795,0.0171,129.1,8.5,5.8,1.86,45.7,21.8,2.537,0.4601,SYNTHETIC
B2,9,mixed,50,grid,mixed,balanced,0.8428,0.0495,128.1,8.55,7.52,2.54,71.5,15.4,2.948,0.4856,SYNTHETIC
B3,9,mixed,50,grid,mixed,balanced,0.8222,0.0274,90.2,10.38,5.95,2.03,49.1,24.8,2.839,0.4928,SYNTHETIC
CLUSTERIDS,9,mixed,50,grid,mixed,balanced,0.903,0.0379,195.9,8.01,2.06,1.89,44.0,18.7,2.788,0.8776,SYNTHETIC
CLUSTERIDS,9,mixed,50,grid,mixed,full,0.9312,0.027,144.1,10.5,6.81,2.8,54.6,18,2.6,0.9037,SYNTHETIC
CLUSTERIDS,9,mixed,50,grid,mixed,balanced,0.9464,0.0288,157.3,9.39,5.48,2.8,43.6,18,2.8,0.9134,SYNTHETIC
CLUSTERIDS,9,mixed,50,grid,mixed,eco,0.8069,0.0161,123.8,4.97,3.05,2.8,27.1,18,3.0,0.8834,SYNTHETIC
CLUSTERIDS,9,mixed,50,grid,mixed,balanced,0.9187,0.0573,103.6,10.25,5,2.8,31.4,16,2.75,0.8018,SYNTHETIC
CLUSTERIDS_NOCLUS,9,mixed,50,grid,mixed,balanced,0.8895,0.0647,113.3,6.87,5,2.8,37.7,16,2.75,0.8933,SYNTHETIC
CLUSTERIDS_NOML,9,mixed,50,grid,mixed,balanced,0.904,0.0381,125.4,6.92,5,2.8,32.3,16,2.75,0.8171,SYNTHETIC
CLUSTERIDS_NOCTX,9,mixed,50,grid,mixed,balanced,0.9071,0.0425,109.8,8.96,5,2.8,30.2,16,2.75,0.8902,SYNTHETIC
CLUSTERIDS_NOENR,9,mixed,50,grid,mixed,balanced,0.8792,0.0561,155.7,6.31,5,2.8,41.5,16,2.75,0.8984,SYNTHETIC
B2,9,mixed,100,grid,mixed,balanced,0.8169,0.03,130,8,5,2.8,79.1,15,2.7,0.87,SYNTHETIC
CLUSTERIDS,9,mixed,100,grid,mixed,balanced,0.9049,0.03,130,8,5,2.8,38.0,15,2.7,0.87,SYNTHETIC
B2,9,mixed,200,grid,mixed,balanced,0.8159,0.03,130,8,5,2.8,105.3,15,2.7,0.87,SYNTHETIC
CLUSTERIDS,9,mixed,200,grid,mixed,balanced,0.8927,0.03,130,8,5,2.8,43.8,15,2.7,0.87,SYNTHETIC
B2,9,mixed,300,grid,mixed,balanced,0.7696,0.03,130,8,5,2.8,140.7,15,2.7,0.87,SYNTHETIC
CLUSTERIDS,9,mixed,300,grid,mixed,balanced,0.8777,0.03,130,8,5,2.8,68.9,15,2.7,0.87,SYNTHETIC
B2,9,mixed,500,grid,mixed,balanced,0.7429,0.03,130,8,5,2.8,208.8,15,2.7,0.87,SYNTHETIC
CLUSTERIDS,9,mixed,500,grid,mixed,balanced,0.8754,0.03,130,8,5,2.8,81.0,15,2.7,0.87,SYNTHETIC
B1,10,rank,50,grid,rank,balanced,0.7737,0.0278,96.1,5.83,3.83,1.77,47.9,16.3,2.569,0.4664,SYNTHETIC
B2,10,rank,50,grid,rank,balanced,0.8105,0.0534,156.3,9.85,5.87,3.0,74.5,12.1,2.657,0.4882,SYNTHETIC
B3,10,rank,50,grid,rank,balanced,0.8437,0.0308,123.1,5.07,2.82,2.72,55.8,17.4,2.842,0.492,SYNTHETIC
CLUSTERIDS,10,rank,50,grid,rank,balanced,0.897,0.0377,138.6,5.58,2.19,2.64,49.0,18.1,2.584,0.9032,SYNTHETIC
B1,10,sel_fwd,50,grid,sel_fwd,balanced,0.7482,0.0335,171.9,8.85,2.68,1.67,51.5,15.5,2.911,0.4448,SYNTHETIC
B2,10,sel_fwd,50,grid,sel_fwd,balanced,0.8508,0.0533,145.6,11.93,2.61,2.75,80.0,25.0,2.725,0.4748,SYNTHETIC
B3,10,sel_fwd,50,grid,sel_fwd,balanced,0.8286,0.042,132.7,11.96,6.65,1.86,52.5,15.3,2.855,0.4629,SYNTHETIC
CLUSTERIDS,10,sel_fwd,50,grid,sel_fwd,balanced,0.9219,0.0264,96.7,6.45,3.24,1.59,47.6,18.1,2.662,0.8996,SYNTHETIC
B1,10,wormhole,50,grid,wormhole,balanced,0.7453,0.0237,112.1,11.01,7.91,2.52,60.6,21.8,2.959,0.5433,SYNTHETIC
B2,10,wormhole,50,grid,wormhole,balanced,0.8301,0.0492,95.2,11.06,3.5,2.57,84.0,20.1,2.745,0.4553,SYNTHETIC
B3,10,wormhole,50,grid,wormhole,balanced,0.806,0.027,129.7,8.16,5.8,2.82,55.0,14.2,2.968,0.5199,SYNTHETIC
CLUSTERIDS,10,wormhole,50,grid,wormhole,balanced,0.8667,0.0444,119.3,5.02,6.64,2.6,49.3,20.0,2.679,0.847,SYNTHETIC
B1,10,dao_flood,50,grid,dao_flood,balanced,0.8028,0.0338,106.1,8.01,3.27,1.9,52.1,18.7,2.783,0.476,SYNTHETIC
B2,10,dao_flood,50,grid,dao_flood,balanced,0.8017,0.0507,161.9,5.34,2.6,2.68,77.5,22.9,2.721,0.5039,SYNTHETIC
B3,10,dao_flood,50,grid,dao_flood,balanced,0.9004,0.0301,104.3,9.82,2.79,2.47,56.3,14.1,2.827,0.5586,SYNTHETIC
CLUSTERIDS,10,dao_flood,50,grid,dao_flood,balanced,0.93,0.0377,188.5,6.16,4.38,1.96,48.9,19.8,2.852,0.8592,SYNTHETIC
B1,10,mixed,50,grid,mixed,balanced,0.8028,0.0301,95.9,6.58,6.08,1.51,46.9,24.8,2.711,0.4479,SYNTHETIC
B2,10,mixed,50,grid,mixed,balanced,0.8252,0.0523,126.0,10.12,2.61,1.97,82.0,21.6,2.877,0.4889,SYNTHETIC
B3,10,mixed,50,grid,mixed,balanced,0.8922,0.0487,97.1,8.71,2.05,2.48,42.6,19.4,2.576,0.5177,SYNTHETIC
CLUSTERIDS,10,mixed,50,grid,mixed,balanced,0.9041,0.0364,183.2,5.61,2.6,2.63,45.8,24.4,2.657,0.8642,SYNTHETIC
CLUSTERIDS,10,mixed,50,grid,mixed,full,0.9603,0.0287,95.9,10.36,6.87,2.8,50.9,18,2.6,0.8783,SYNTHETIC
CLUSTERIDS,10,mixed,50,grid,mixed,balanced,0.9158,0.0142,136.1,8.31,5.34,2.8,37.0,18,2.8,0.898,SYNTHETIC
CLUSTERIDS,10,mixed,50,grid,mixed,eco,0.8181,0.0169,152.9,6.06,2.9,2.8,30.7,18,3.0,0.9153,SYNTHETIC
CLUSTERIDS,10,mixed,50,grid,mixed,balanced,0.9096,0.0332,168.3,10.93,5,2.8,36.9,16,2.75,0.8414,SYNTHETIC
CLUSTERIDS_NOCLUS,10,mixed,50,grid,mixed,balanced,0.8766,0.0301,122.4,9.41,5,2.8,35.8,16,2.75,0.7509,SYNTHETIC
CLUSTERIDS_NOML,10,mixed,50,grid,mixed,balanced,0.8905,0.0382,100.1,7.31,5,2.8,36.4,16,2.75,0.8535,SYNTHETIC
CLUSTERIDS_NOCTX,10,mixed,50,grid,mixed,balanced,0.8858,0.0285,142.1,8.51,5,2.8,29.6,16,2.75,0.8815,SYNTHETIC
CLUSTERIDS_NOENR,10,mixed,50,grid,mixed,balanced,0.8916,0.0461,141.2,7.39,5,2.8,33.2,16,2.75,0.8945,SYNTHETIC
B2,10,mixed,100,grid,mixed,balanced,0.8205,0.03,130,8,5,2.8,83.7,15,2.7,0.87,SYNTHETIC
CLUSTERIDS,10,mixed,100,grid,mixed,balanced,0.9006,0.03,130,8,5,2.8,35.9,15,2.7,0.87,SYNTHETIC
B2,10,mixed,200,grid,mixed,balanced,0.7748,0.03,130,8,5,2.8,102.9,15,2.7,0.87,SYNTHETIC
CLUSTERIDS,10,mixed,200,grid,mixed,balanced,0.9069,0.03,130,8,5,2.8,47.3,15,2.7,0.87,SYNTHETIC
B2,10,mixed,300,grid,mixed,balanced,0.7797,0.03,130,8,5,2.8,137.3,15,2.7,0.87,SYNTHETIC
CLUSTERIDS,10,mixed,300,grid,mixed,balanced,0.9039,0.03,130,8,5,2.8,59.6,15,2.7,0.87,SYNTHETIC
B2,10,mixed,500,grid,mixed,balanced,0.7883,0.03,130,8,5,2.8,217.8,15,2.7,0.87,SYNTHETIC
CLUSTERIDS,10,mixed,500,grid,mixed,balanced,0.8538,0.03,130,8,5,2.8,87.0,15,2.7,0.87,SYNTHETIC
B1,11,rank,50,grid,rank,balanced,0.768,0.0423,168.9,5.84,6.25,2.55,56.4,17.8,2.891,0.5636,SYNTHETIC
B2,11,rank,50,grid,rank,balanced,0.8178,0.0452,95.2,10.47,3.61,2.83,80.2,22.1,2.636,0.4927,SYNTHETIC
B3,11,rank,50,grid,rank,balanced,0.8791,0.0349,149.2,5.54,4.73,2.04,43.5,15.5,2.628,0.5001,SYNTHETIC
CLUSTERIDS,11,rank,50,grid,rank,balanced,0.9509,0.0363,166.7,6.6,5.05,1.57,52.4,17.1,2.691,0.863,SYNTHETIC
B1,11,sel_fwd,50,grid,sel_fwd,balanced,0.8072,0.045,182.9,8.87,7.48,2.61,46.1,16.2,2.86,0.5128,SYNTHETIC
B2,11,sel_fwd,50,grid,sel_fwd,balanced,0.8189,0.0532,124.7,8.51,7.41,1.77,84.7,24.3,2.534,0.4202,SYNTHETIC
B3,11,sel_fwd,50,grid,sel_fwd,balanced,0.8341,0.0314,181.4,7.29,5.32,1.51,52.0,14.6,2.811,0.5368,SYNTHETIC
CLUSTERIDS,11,sel_fwd,50,grid,sel_fwd,balanced,0.9039,0.0324,139.2,10.41,3.17,2.85,50.2,10.1,2.705,0.8576,SYNTHETIC
B1,11,wormhole,50,grid,wormhole,balanced,0.752,0.0373,180.7,11.14,7.71,1.5,44.7,20.9,2.552,0.4513,SYNTHETIC
B2,11,wormhole,50,grid,wormhole,balanced,0.7755,0.0489,139.0,5.42,7.98,2.57,89.4,23.5,2.76,0.5373,SYNTHETIC
B3,11,wormhole,50,grid,wormhole,balanced,0.8141,0.0226,196.9,5.59,2.57,1.7,50.8,18.5,2.717,0.4893,SYNTHETIC
CLUSTERIDS,11,wormhole,50,grid,wormhole,balanced,0.9143,0.0287,111.3,7.21,6.8,2.55,49.6,14.1,2.537,0.8539,SYNTHETIC
B1,11,dao_flood,50,grid,dao_flood,balanced,0.7902,0.0433,150.2,6.09,2.99,2.2,44.8,24.5,2.604,0.5206,SYNTHETIC
B2,11,dao_flood,50,grid,dao_flood,balanced,0.8144,0.0559,94.4,6.1,6.12,2.74,79.5,22.5,2.664,0.4919,SYNTHETIC
B3,11,dao_flood,50,grid,dao_flood,balanced,0.8627,0.0333,122.7,8.59,6.06,1.89,51.3,16.1,2.726,0.4996,SYNTHETIC
CLUSTERIDS,11,dao_flood,50,grid,dao_flood,balanced,0.9298,0.0239,135.4,10.63,2.84,1.52,56.9,12.0,2.912,0.8053,SYNTHETIC
B1,11,mixed,50,grid,mixed,balanced,0.7604,0.0381,157.4,9.08,3.55,2.72,51.8,23.5,2.722,0.5015,SYNTHETIC
B2,11,mixed,50,grid,mixed,balanced,0.85,0.0626,179.5,7.32,2.26,2.19,83.2,22.3,2.697,0.5341,SYNTHETIC
B3,11,mixed,50,grid,mixed,balanced,0.8798,0.0322,100.7,6.5,3.12,1.92,51.0,19.3,2.623,0.4947,SYNTHETIC
CLUSTERIDS,11,mixed,50,grid,mixed,balanced,0.9242,0.0379,146.1,5.43,3.68,1.71,53.2,17.9,2.815,0.9392,SYNTHETIC
CLUSTERIDS,11,mixed,50,grid,mixed,full,0.9615,0.0149,159.3,11.09,6.72,2.8,51.7,18,2.6,0.8936,SYNTHETIC
CLUSTERIDS,11,mixed,50,grid,mixed,balanced,0.9502,0.0213,117.2,8.69,5.24,2.8,43.2,18,2.8,0.9417,SYNTHETIC
CLUSTERIDS,11,mixed,50,grid,mixed,eco,0.8212,0.0129,159.4,4.66,2.91,2.8,36.1,18,3.0,0.8999,SYNTHETIC
CLUSTERIDS,11,mixed,50,grid,mixed,balanced,0.9537,0.0486,115.0,10.08,5,2.8,36.2,16,2.75,0.8433,SYNTHETIC
CLUSTERIDS_NOCLUS,11,mixed,50,grid,mixed,balanced,0.8741,0.0398,158.5,9.99,5,2.8,30.3,16,2.75,0.9105,SYNTHETIC
CLUSTERIDS_NOML,11,mixed,50,grid,mixed,balanced,0.897,0.0349,139.4,10.03,5,2.8,32.1,16,2.75,0.7662,SYNTHETIC
CLUSTERIDS_NOCTX,11,mixed,50,grid,mixed,balanced,0.9106,0.0427,166.1,8.82,5,2.8,32.6,16,2.75,0.84,SYNTHETIC
CLUSTERIDS_NOENR,11,mixed,50,grid,mixed,balanced,0.9112,0.0384,131.9,7.55,5,2.8,33.3,16,2.75,0.851,SYNTHETIC
B2,11,mixed,100,grid,mixed,balanced,0.8115,0.03,130,8,5,2.8,78.5,15,2.7,0.87,SYNTHETIC
CLUSTERIDS,11,mixed,100,grid,mixed,balanced,0.9193,0.03,130,8,5,2.8,37.0,15,2.7,0.87,SYNTHETIC
B2,11,mixed,200,grid,mixed,balanced,0.8117,0.03,130,8,5,2.8,108.3,15,2.7,0.87,SYNTHETIC
CLUSTERIDS,11,mixed,200,grid,mixed,balanced,0.9317,0.03,130,8,5,2.8,54.8,15,2.7,0.87,SYNTHETIC
B2,11,mixed,300,grid,mixed,balanced,0.8237,0.03,130,8,5,2.8,140.3,15,2.7,0.87,SYNTHETIC
CLUSTERIDS,11,mixed,300,grid,mixed,balanced,0.8981,0.03,130,8,5,2.8,61.9,15,2.7,0.87,SYNTHETIC
B2,11,mixed,500,grid,mixed,balanced,0.7318,0.03,130,8,5,2.8,209.2,15,2.7,0.87,SYNTHETIC
CLUSTERIDS,11,mixed,500,grid,mixed,balanced,0.8859,0.03,130,8,5,2.8,75.4,15,2.7,0.87,SYNTHETIC
B1,12,rank,50,grid,rank,balanced,0.8126,0.0144,124.8,11.59,4.37,1.65,49.1,12.4,2.974,0.5154,SYNTHETIC
B2,12,rank,50,grid,rank,balanced,0.8332,0.0303,157.9,6.22,7.81,2.54,87.9,13.3,2.794,0.4772,SYNTHETIC
B3,12,rank,50,grid,rank,balanced,0.8577,0.0361,162.6,5.89,6.37,2.92,54.7,24.9,2.983,0.4905,SYNTHETIC
CLUSTERIDS,12,rank,50,grid,rank,balanced,0.9566,0.0322,190.5,11.77,3.33,2.35,52.5,21.2,2.619,0.8736,SYNTHETIC
B1,12,sel_fwd,50,grid,sel_fwd,balanced,0.7921,0.0295,186.2,5.62,6.25,2.46,54.1,14.0,2.625,0.4787,SYNTHETIC
B2,12,sel_fwd,50,grid,sel_fwd,balanced,0.834,0.0525,93.0,5.01,4.32,2.6,90.2,17.4,2.689,0.488,SYNTHETIC
B3,12,sel_fwd,50,grid,sel_fwd,balanced,0.8411,0.0289,137.5,11.05,5.91,2.53,51.0,22.7,2.647,0.51,SYNTHETIC
CLUSTERIDS,12,sel_fwd,50,grid,sel_fwd,balanced,0.9094,0.0479,88.9,6.19,4.25,2.6,39.8,11.4,2.797,0.8613,SYNTHETIC
B1,12,wormhole,50,grid,wormhole,balanced,0.7326,0.024,83.7,11.6,2.99,2.83,51.3,13.1,2.595,0.5116,SYNTHETIC
B2,12,wormhole,50,grid,wormhole,balanced,0.7796,0.0379,167.6,6.86,3.69,1.86,86.2,22.6,2.577,0.512,SYNTHETIC
B3,12,wormhole,50,grid,wormhole,balanced,0.8064,0.0365,115.3,9.63,5.6,1.8,53.0,14.4,2.541,0.503,SYNTHETIC
CLUSTERIDS,12,wormhole,50,grid,wormhole,balanced,0.9095,0.0243,127.7,8.42,5.97,1.64,46.9,23.3,2.685,0.8747,SYNTHETIC
B1,12,dao_flood,50,grid,dao_flood,balanced,0.7653,0.0321,135.8,6.58,3.61,1.59,50.1,11.3,2.672,0.4555,SYNTHETIC
B2,12,dao_flood,50,grid,dao_flood,balanced,0.7686,0.0445,150.8,8.88,7.04,2.73,74.6,23.0,2.737,0.5182,SYNTHETIC
B3,12,dao_flood,50,grid,dao_flood,balanced,0.8667,0.0238,89.5,11.32,6.29,2.25,57.3,20.2,2.81,0.4685,SYNTHETIC
CLUSTERIDS,12,dao_flood,50,grid,dao_flood,balanced,0.9545,0.0392,100.7,11.89,7.83,2.71,53.7,24.8,2.718,0.9024,SYNTHETIC
B1,12,mixed,50,grid,mixed,balanced,0.8081,0.0298,180.1,6.81,7.46,2.87,54.5,16.0,2.663,0.5122,SYNTHETIC
B2,12,mixed,50,grid,mixed,balanced,0.8164,0.0587,184.8,10.51,5.74,2.28,75.5,12.2,2.794,0.515,SYNTHETIC
B3,12,mixed,50,grid,mixed,balanced,0.8525,0.0111,191.0,8.94,2.61,1.93,45.5,16.2,2.692,0.4939,SYNTHETIC
CLUSTERIDS,12,mixed,50,grid,mixed,balanced,0.9027,0.031,84.5,6.93,2.86,2.41,49.5,23.3,2.666,0.8721,SYNTHETIC
CLUSTERIDS,12,mixed,50,grid,mixed,full,0.9526,0.0349,154.5,11.08,6.96,2.8,56.0,18,2.6,0.8845,SYNTHETIC
CLUSTERIDS,12,mixed,50,grid,mixed,balanced,0.9256,0.0319,138.7,9.32,5.35,2.8,47.4,18,2.8,0.9404,SYNTHETIC
CLUSTERIDS,12,mixed,50,grid,mixed,eco,0.785,0.0189,108.9,4.88,3.22,2.8,28.8,18,3.0,0.9127,SYNTHETIC
CLUSTERIDS,12,mixed,50,grid,mixed,balanced,0.9447,0.0253,152.0,10.34,5,2.8,37.1,16,2.75,0.8066,SYNTHETIC
CLUSTERIDS_NOCLUS,12,mixed,50,grid,mixed,balanced,0.8693,0.0473,133.0,6.68,5,2.8,39.9,16,2.75,0.7838,SYNTHETIC
CLUSTERIDS_NOML,12,mixed,50,grid,mixed,balanced,0.9029,0.0412,157.5,10.18,5,2.8,35.0,16,2.75,0.8942,SYNTHETIC
CLUSTERIDS_NOCTX,12,mixed,50,grid,mixed,balanced,0.9072,0.0323,115.5,10.12,5,2.8,29.3,16,2.75,0.8482,SYNTHETIC
CLUSTERIDS_NOENR,12,mixed,50,grid,mixed,balanced,0.8735,0.0417,122.9,8.97,5,2.8,38.6,16,2.75,0.9226,SYNTHETIC
B2,12,mixed,100,grid,mixed,balanced,0.7941,0.03,130,8,5,2.8,72.6,15,2.7,0.87,SYNTHETIC
CLUSTERIDS,12,mixed,100,grid,mixed,balanced,0.9419,0.03,130,8,5,2.8,46.1,15,2.7,0.87,SYNTHETIC
B2,12,mixed,200,grid,mixed,balanced,0.7998,0.03,130,8,5,2.8,102.4,15,2.7,0.87,SYNTHETIC
CLUSTERIDS,12,mixed,200,grid,mixed,balanced,0.9057,0.03,130,8,5,2.8,53.8,15,2.7,0.87,SYNTHETIC
B2,12,mixed,300,grid,mixed,balanced,0.8036,0.03,130,8,5,2.8,150.6,15,2.7,0.87,SYNTHETIC
CLUSTERIDS,12,mixed,300,grid,mixed,balanced,0.9385,0.03,130,8,5,2.8,58.8,15,2.7,0.87,SYNTHETIC
B2,12,mixed,500,grid,mixed,balanced,0.7519,0.03,130,8,5,2.8,209.0,15,2.7,0.87,SYNTHETIC
CLUSTERIDS,12,mixed,500,grid,mixed,balanced,0.8775,0.03,130,8,5,2.8,90.1,15,2.7,0.87,SYNTHETIC
B1,13,rank,50,grid,rank,balanced,0.8145,0.0318,172.1,5.06,7.47,2.47,49.5,13.8,2.903,0.4977,SYNTHETIC
B2,13,rank,50,grid,rank,balanced,0.8022,0.0696,157.1,7.97,4.26,2.02,79.9,20.2,2.912,0.5336,SYNTHETIC
B3,13,rank,50,grid,rank,balanced,0.8426,0.0322,141.4,9.64,7.06,2.06,45.9,14.5,2.554,0.4671,SYNTHETIC
CLUSTERIDS,13,rank,50,grid,rank,balanced,0.985,0.0393,156.9,11.03,3.57,2.57,53.3,12.2,2.883,0.8642,SYNTHETIC
B1,13,sel_fwd,50,grid,sel_fwd,balanced,0.8092,0.0215,176.3,9.2,5.96,2.52,48.7,25.0,2.63,0.4569,SYNTHETIC
B2,13,sel_fwd,50,grid,sel_fwd,balanced,0.8027,0.0539,84.2,9.96,5.43,1.78,79.5,18.0,2.892,0.479,SYNTHETIC
B3,13,sel_fwd,50,grid,sel_fwd,balanced,0.8749,0.0234,140.9,10.92,7.04,2.81,51.0,11.9,2.629,0.5123,SYNTHETIC
CLUSTERIDS,13,sel_fwd,50,grid,sel_fwd,balanced,0.9422,0.0173,102.0,9.76,4.01,1.63,44.9,14.6,2.894,0.9191,SYNTHETIC
B1,13,wormhole,50,grid,wormhole,balanced,0.7424,0.0354,115.3,10.96,4.82,2.8,39.6,11.1,2.945,0.4639,SYNTHETIC
B2,13,wormhole,50,grid,wormhole,balanced,0.7498,0.05,125.8,7.09,2.32,2.78,82.2,16.1,2.785,0.5152,SYNTHETIC
B3,13,wormhole,50,grid,wormhole,balanced,0.8384,0.0251,118.0,10.01,6.67,2.23,47.9,19.5,2.502,0.4863,SYNTHETIC
CLUSTERIDS,13,wormhole,50,grid,wormhole,balanced,0.895,0.0434,100.2,10.35,4.94,2.65,55.9,19.5,2.702,0.9018,SYNTHETIC
B1,13,dao_flood,50,grid,dao_flood,balanced,0.7992,0.0283,84.5,6.4,4.24,1.52,45.9,12.9,2.838,0.551,SYNTHETIC
B2,13,dao_flood,50,grid,dao_flood,balanced,0.8094,0.0457,163.2,7.41,2.77,2.08,77.4,22.4,2.649,0.4904,SYNTHETIC
B3,13,dao_flood,50,grid,dao_flood,balanced,0.8418,0.0425,151.6,7.36,7.33,2.99,44.1,15.4,2.594,0.5539,SYNTHETIC
CLUSTERIDS,13,dao_flood,50,grid,dao_flood,balanced,0.9724,0.0243,128.4,6.6,6.36,1.7,49.3,12.5,2.683,0.8402,SYNTHETIC
B1,13,mixed,50,grid,mixed,balanced,0.7768,0.0282,185.2,6.79,5.21,1.57,57.4,19.8,2.51,0.4985,SYNTHETIC
B2,13,mixed,50,grid,mixed,balanced,0.8123,0.0423,125.6,8.83,4.85,1.73,77.6,14.5,2.831,0.4602,SYNTHETIC
B3,13,mixed,50,grid,mixed,balanced,0.8417,0.0246,152.7,5.96,6.98,1.66,49.5,11.7,2.553,0.4853,SYNTHETIC
CLUSTERIDS,13,mixed,50,grid,mixed,balanced,0.9342,0.0351,111.6,8.66,3.21,2.56,49.6,17.4,2.604,0.8882,SYNTHETIC
CLUSTERIDS,13,mixed,50,grid,mixed,full,0.9664,0.0228,90.2,10.48,6.42,2.8,57.3,18,2.6,0.8744,SYNTHETIC
CLUSTERIDS,13,mixed,50,grid,mixed,balanced,0.9351,0.0271,125.8,8.46,4.86,2.8,41.9,18,2.8,0.9145,SYNTHETIC
CLUSTERIDS,13,mixed,50,grid,mixed,eco,0.8367,0.0146,122.5,5.75,3.11,2.8,30.4,18,3.0,0.9041,SYNTHETIC
CLUSTERIDS,13,mixed,50,grid,mixed,balanced,0.9355,0.0318,150.4,6.47,5,2.8,35.1,16,2.75,0.8378,SYNTHETIC
CLUSTERIDS_NOCLUS,13,mixed,50,grid,mixed,balanced,0.8776,0.0282,107.8,7.79,5,2.8,29.8,16,2.75,0.8713,SYNTHETIC
CLUSTERIDS_NOML,13,mixed,50,grid,mixed,balanced,0.8964,0.0369,156.1,6.91,5,2.8,26.7,16,2.75,0.9098,SYNTHETIC
CLUSTERIDS_NOCTX,13,mixed,50,grid,mixed,balanced,0.8773,0.0498,158.8,10.0,5,2.8,30.8,16,2.75,0.7925,SYNTHETIC
CLUSTERIDS_NOENR,13,mixed,50,grid,mixed,balanced,0.8934,0.0501,99.4,10.71,5,2.8,37.2,16,2.75,0.8849,SYNTHETIC
B2,13,mixed,100,grid,mixed,balanced,0.7797,0.03,130,8,5,2.8,70.1,15,2.7,0.87,SYNTHETIC
CLUSTERIDS,13,mixed,100,grid,mixed,balanced,0.9145,0.03,130,8,5,2.8,34.2,15,2.7,0.87,SYNTHETIC
B2,13,mixed,200,grid,mixed,balanced,0.7863,0.03,130,8,5,2.8,113.2,15,2.7,0.87,SYNTHETIC
CLUSTERIDS,13,mixed,200,grid,mixed,balanced,0.9399,0.03,130,8,5,2.8,50.4,15,2.7,0.87,SYNTHETIC
B2,13,mixed,300,grid,mixed,balanced,0.8184,0.03,130,8,5,2.8,133.6,15,2.7,0.87,SYNTHETIC
CLUSTERIDS,13,mixed,300,grid,mixed,balanced,0.9307,0.03,130,8,5,2.8,69.2,15,2.7,0.87,SYNTHETIC
B2,13,mixed,500,grid,mixed,balanced,0.7856,0.03,130,8,5,2.8,218.4,15,2.7,0.87,SYNTHETIC
CLUSTERIDS,13,mixed,500,grid,mixed,balanced,0.8949,0.03,130,8,5,2.8,86.1,15,2.7,0.87,SYNTHETIC
B1,14,rank,50,grid,rank,balanced,0.7677,0.0415,161.4,10.37,5.46,2.35,57.4,15.1,2.762,0.4938,SYNTHETIC
B2,14,rank,50,grid,rank,balanced,0.8173,0.0466,159.4,6.74,4.07,2.51,72.8,18.4,2.994,0.538,SYNTHETIC
B3,14,rank,50,grid,rank,balanced,0.877,0.0339,98.8,10.94,7.11,2.8,55.2,13.6,2.985,0.5158,SYNTHETIC
CLUSTERIDS,14,rank,50,grid,rank,balanced,0.9435,0.0318,157.2,7.82,3.41,2.19,51.7,22.8,2.724,0.849,SYNTHETIC
B1,14,sel_fwd,50,grid,sel_fwd,balanced,0.7972,0.0364,158.4,5.72,4.47,2.34,52.2,19.1,2.81,0.5,SYNTHETIC
B2,14,sel_fwd,50,grid,sel_fwd,balanced,0.812,0.059,104.8,9.7,7.7,2.05,83.3,16.8,2.78,0.5071,SYNTHETIC
B3,14,sel_fwd,50,grid,sel_fwd,balanced,0.8335,0.0238,158.9,10.01,2.68,2.64,50.8,22.4,2.982,0.527,SYNTHETIC
CLUSTERIDS,14,sel_fwd,50,grid,sel_fwd,balanced,0.9237,0.0394,164.3,5.32,2.98,1.71,48.3,11.6,2.805,0.8331,SYNTHETIC
B1,14,wormhole,50,grid,wormhole,balanced,0.7676,0.0471,127.1,8.2,6.69,2.58,54.0,23.9,2.919,0.5194,SYNTHETIC
B2,14,wormhole,50,grid,wormhole,balanced,0.7608,0.0427,134.1,9.61,7.74,1.7,73.9,10.7,2.968,0.5003,SYNTHETIC
B3,14,wormhole,50,grid,wormhole,balanced,0.8322,0.0222,141.0,11.45,3.06,2.37,49.7,15.8,2.8,0.4844,SYNTHETIC
CLUSTERIDS,14,wormhole,50,grid,wormhole,balanced,0.9175,0.0236,126.2,11.86,7.5,2.64,48.1,24.6,2.726,0.9564,SYNTHETIC
B1,14,dao_flood,50,grid,dao_flood,balanced,0.7938,0.0361,164.0,10.24,3.79,2.55,55.1,24.0,2.816,0.4637,SYNTHETIC
B2,14,dao_flood,50,grid,dao_flood,balanced,0.8285,0.0607,114.9,7.42,6.03,2.97,72.6,17.6,2.847,0.4388,SYNTHETIC
B3,14,dao_flood,50,grid,dao_flood,balanced,0.8456,0.0336,122.3,8.36,5.42,2.5,42.8,22.6,2.643,0.5247,SYNTHETIC
CLUSTERIDS,14,dao_flood,50,grid,dao_flood,balanced,0.9509,0.0181,142.7,5.18,2.87,2.51,52.6,12.4,2.643,0.9275,SYNTHETIC
B1,14,mixed,50,grid,mixed,balanced,0.7799,0.0453,162.9,7.07,6.52,1.55,50.9,23.0,2.87,0.4872,SYNTHETIC
B2,14,mixed,50,grid,mixed,balanced,0.8418,0.0401,147.4,6.66,6.71,2.7,78.3,23.9,2.694,0.5431,SYNTHETIC
B3,14,mixed,50,grid,mixed,balanced,0.9026,0.0241,117.5,8.86,2.08,1.88,43.7,23.1,2.915,0.4641,SYNTHETIC
CLUSTERIDS,14,mixed,50,grid,mixed,balanced,0.9565,0.0234,157.7,10.29,5.28,2.41,52.1,14.4,2.589,0.8036,SYNTHETIC
CLUSTERIDS,14,mixed,50,grid,mixed,full,0.9447,0.0215,102.2,10.52,6.97,2.8,51.6,18,2.6,0.9111,SYNTHETIC
CLUSTERIDS,14,mixed,50,grid,mixed,balanced,0.9481,0.0308,107.9,8.12,5.41,2.8,43.0,18,2.8,0.9095,SYNTHETIC
CLUSTERIDS,14,mixed,50,grid,mixed,eco,0.8172,0.0167,155.3,4.95,2.71,2.8,24.1,18,3.0,0.9015,SYNTHETIC
CLUSTERIDS,14,mixed,50,grid,mixed,balanced,0.908,0.0536,118.8,7.1,5,2.8,35.6,16,2.75,0.8638,SYNTHETIC
CLUSTERIDS_NOCLUS,14,mixed,50,grid,mixed,balanced,0.8393,0.0397,135.3,6.46,5,2.8,35.5,16,2.75,0.8773,SYNTHETIC
CLUSTERIDS_NOML,14,mixed,50,grid,mixed,balanced,0.8807,0.0482,111.4,9.76,5,2.8,21.7,16,2.75,0.8243,SYNTHETIC
CLUSTERIDS_NOCTX,14,mixed,50,grid,mixed,balanced,0.9052,0.0148,95.7,9.34,5,2.8,26.8,16,2.75,0.879,SYNTHETIC
CLUSTERIDS_NOENR,14,mixed,50,grid,mixed,balanced,0.8489,0.0309,166.9,9.41,5,2.8,31.2,16,2.75,0.9303,SYNTHETIC
B2,14,mixed,100,grid,mixed,balanced,0.8286,0.03,130,8,5,2.8,73.3,15,2.7,0.87,SYNTHETIC
CLUSTERIDS,14,mixed,100,grid,mixed,balanced,0.9042,0.03,130,8,5,2.8,36.0,15,2.7,0.87,SYNTHETIC
B2,14,mixed,200,grid,mixed,balanced,0.8315,0.03,130,8,5,2.8,105.1,15,2.7,0.87,SYNTHETIC
CLUSTERIDS,14,mixed,200,grid,mixed,balanced,0.8845,0.03,130,8,5,2.8,55.4,15,2.7,0.87,SYNTHETIC
B2,14,mixed,300,grid,mixed,balanced,0.7844,0.03,130,8,5,2.8,145.5,15,2.7,0.87,SYNTHETIC
CLUSTERIDS,14,mixed,300,grid,mixed,balanced,0.9105,0.03,130,8,5,2.8,59.0,15,2.7,0.87,SYNTHETIC
B2,14,mixed,500,grid,mixed,balanced,0.7215,0.03,130,8,5,2.8,213.9,15,2.7,0.87,SYNTHETIC
CLUSTERIDS,14,mixed,500,grid,mixed,balanced,0.9048,0.03,130,8,5,2.8,95.9,15,2.7,0.87,SYNTHETIC
B1,15,rank,50,grid,rank,balanced,0.7776,0.0298,87.9,9.69,6.64,2.8,47.9,18.1,2.851,0.5064,SYNTHETIC
B2,15,rank,50,grid,rank,balanced,0.8542,0.0479,157.6,11.58,6.48,1.73,75.7,11.3,2.527,0.5068,SYNTHETIC
B3,15,rank,50,grid,rank,balanced,0.857,0.0202,149.0,6.59,3.55,2.08,46.4,10.3,2.837,0.4767,SYNTHETIC
CLUSTERIDS,15,rank,50,grid,rank,balanced,0.902,0.0275,154.2,10.29,5.51,2.55,60.3,11.6,2.893,0.9103,SYNTHETIC
B1,15,sel_fwd,50,grid,sel_fwd,balanced,0.7773,0.0332,171.8,8.06,4.37,2.49,43.9,12.0,2.695,0.506,SYNTHETIC
B2,15,sel_fwd,50,grid,sel_fwd,balanced,0.8274,0.0404,195.2,6.01,6.06,2.87,82.3,15.6,2.975,0.4534,SYNTHETIC
B3,15,sel_fwd,50,grid,sel_fwd,balanced,0.826,0.0266,94.8,5.04,5.58,2.31,54.0,21.2,2.952,0.4916,SYNTHETIC
CLUSTERIDS,15,sel_fwd,50,grid,sel_fwd,balanced,0.9185,0.0369,157.5,8.59,2.97,1.83,51.7,12.7,2.9,0.863,SYNTHETIC
B1,15,wormhole,50,grid,wormhole,balanced,0.7734,0.0175,191.9,11.96,4.77,2.32,49.5,11.5,2.863,0.5108,SYNTHETIC
B2,15,wormhole,50,grid,wormhole,balanced,0.7721,0.0506,95.4,9.59,2.6,2.43,83.5,16.8,2.808,0.4846,SYNTHETIC
B3,15,wormhole,50,grid,wormhole,balanced,0.8109,0.04,147.9,7.55,3.9,2.14,53.8,13.3,2.87,0.5007,SYNTHETIC
CLUSTERIDS,15,wormhole,50,grid,wormhole,balanced,0.8647,0.036,96.1,10.13,7.27,2.19,47.3,18.3,2.588,0.8999,SYNTHETIC
B1,15,dao_flood,50,grid,dao_flood,balanced,0.7499,0.0205,183.0,5.98,5.23,1.89,51.5,11.1,2.509,0.4922,SYNTHETIC
B2,15,dao_flood,50,grid,dao_flood,balanced,0.815,0.0499,149.8,7.84,5.54,2.86,74.1,25.0,2.736,0.488,SYNTHETIC
B3,15,dao_flood,50,grid,dao_flood,balanced,0.853,0.0225,106.8,10.41,6.4,1.94,44.2,16.0,2.751,0.5079,SYNTHETIC
CLUSTERIDS,15,dao_flood,50,grid,dao_flood,balanced,0.9098,0.0168,176.8,9.3,3.0,2.27,47.0,24.2,2.83,0.8862,SYNTHETIC
B1,15,mixed,50,grid,mixed,balanced,0.812,0.0274,138.0,7.51,3.31,2.23,54.4,10.6,2.603,0.5111,SYNTHETIC
B2,15,mixed,50,grid,mixed,balanced,0.8358,0.0459,136.4,8.18,2.28,2.97,76.5,17.8,2.915,0.5418,SYNTHETIC
B3,15,mixed,50,grid,mixed,balanced,0.8579,0.0246,145.3,6.22,5.92,2.05,44.6,17.7,2.688,0.4532,SYNTHETIC
CLUSTERIDS,15,mixed,50,grid,mixed,balanced,0.9501,0.0247,122.3,11.07,4.92,2.22,45.3,12.1,2.583,0.8584,SYNTHETIC
CLUSTERIDS,15,mixed,50,grid,mixed,full,0.9754,0.029,104.8,11.18,7.26,2.8,54.7,18,2.6,0.8902,SYNTHETIC
CLUSTERIDS,15,mixed,50,grid,mixed,balanced,0.9345,0.0359,140.4,7.93,5.04,2.8,42.4,18,2.8,0.9115,SYNTHETIC
CLUSTERIDS,15,mixed,50,grid,mixed,eco,0.8221,0.0139,93.0,5.23,2.92,2.8,27.4,18,3.0,0.8959,SYNTHETIC
CLUSTERIDS,15,mixed,50,grid,mixed,balanced,0.9239,0.0385,114.4,6.9,5,2.8,40.2,16,2.75,0.836,SYNTHETIC
CLUSTERIDS_NOCLUS,15,mixed,50,grid,mixed,balanced,0.8564,0.0392,149.0,9.31,5,2.8,34.6,16,2.75,0.8666,SYNTHETIC
CLUSTERIDS_NOML,15,mixed,50,grid,mixed,balanced,0.8304,0.0499,160.0,6.85,5,2.8,37.6,16,2.75,0.8026,SYNTHETIC
CLUSTERIDS_NOCTX,15,mixed,50,grid,mixed,balanced,0.8903,0.0222,108.6,9.3,5,2.8,34.4,16,2.75,0.9139,SYNTHETIC
CLUSTERIDS_NOENR,15,mixed,50,grid,mixed,balanced,0.8579,0.0492,139.3,7.15,5,2.8,33.6,16,2.75,0.8626,SYNTHETIC
B2,15,mixed,100,grid,mixed,balanced,0.8217,0.03,130,8,5,2.8,84.5,15,2.7,0.87,SYNTHETIC
CLUSTERIDS,15,mixed,100,grid,mixed,balanced,0.8991,0.03,130,8,5,2.8,36.9,15,2.7,0.87,SYNTHETIC
B2,15,mixed,200,grid,mixed,balanced,0.8053,0.03,130,8,5,2.8,111.8,15,2.7,0.87,SYNTHETIC
CLUSTERIDS,15,mixed,200,grid,mixed,balanced,0.8827,0.03,130,8,5,2.8,50.0,15,2.7,0.87,SYNTHETIC
B2,15,mixed,300,grid,mixed,balanced,0.824,0.03,130,8,5,2.8,147.1,15,2.7,0.87,SYNTHETIC
CLUSTERIDS,15,mixed,300,grid,mixed,balanced,0.89,0.03,130,8,5,2.8,60.9,15,2.7,0.87,SYNTHETIC
B2,15,mixed,500,grid,mixed,balanced,0.7595,0.03,130,8,5,2.8,215.3,15,2.7,0.87,SYNTHETIC
CLUSTERIDS,15,mixed,500,grid,mixed,balanced,0.8502,0.03,130,8,5,2.8,79.3,15,2.7,0.87,SYNTHETIC
B1,16,rank,50,grid,rank,balanced,0.8076,0.0217,157.9,8.65,4.22,1.57,46.5,22.0,2.895,0.496,SYNTHETIC
B2,16,rank,50,grid,rank,balanced,0.8004,0.0572,169.0,10.33,6.18,1.65,83.8,13.5,2.93,0.5255,SYNTHETIC
B3,16,rank,50,grid,rank,balanced,0.8415,0.046,129.0,6.32,6.25,2.68,47.8,10.1,2.827,0.4929,SYNTHETIC
CLUSTERIDS,16,rank,50,grid,rank,balanced,0.9234,0.0236,123.5,6.08,5.91,1.88,53.2,15.5,2.638,0.8551,SYNTHETIC
B1,16,sel_fwd,50,grid,sel_fwd,balanced,0.7658,0.0178,129.6,10.49,4.89,2.06,46.4,14.6,2.672,0.4922,SYNTHETIC
B2,16,sel_fwd,50,grid,sel_fwd,balanced,0.811,0.0375,182.6,9.61,6.49,2.17,79.1,13.2,2.7,0.4831,SYNTHETIC
B3,16,sel_fwd,50,grid,sel_fwd,balanced,0.8367,0.0386,163.6,9.95,2.96,2.95,52.2,12.2,2.963,0.5004,SYNTHETIC
CLUSTERIDS,16,sel_fwd,50,grid,sel_fwd,balanced,0.9233,0.0311,106.6,5.56,2.23,2.08,56.9,17.8,2.856,0.876,SYNTHETIC
B1,16,wormhole,50,grid,wormhole,balanced,0.7105,0.0189,178.4,9.48,4.63,1.8,45.0,14.3,2.517,0.4549,SYNTHETIC
B2,16,wormhole,50,grid,wormhole,balanced,0.7705,0.0444,107.8,6.19,2.22,1.86,82.9,25.0,2.89,0.5,SYNTHETIC
B3,16,wormhole,50,grid,wormhole,balanced,0.8079,0.0364,150.3,8.62,6.42,1.6,53.5,22.4,2.958,0.5132,SYNTHETIC
CLUSTERIDS,16,wormhole,50,grid,wormhole,balanced,0.8703,0.0468,113.2,9.24,3.17,2.89,46.5,16.1,2.553,0.8694,SYNTHETIC
B1,16,dao_flood,50,grid,dao_flood,balanced,0.795,0.0329,193.6,10.62,7.74,2.81,52.5,20.4,2.983,0.4638,SYNTHETIC
B2,16,dao_flood,50,grid,dao_flood,balanced,0.7884,0.0447,170.9,11.73,4.75,2.19,79.0,11.7,2.534,0.4963,SYNTHETIC
B3,16,dao_flood,50,grid,dao_flood,balanced,0.8072,0.0109,161.2,6.61,3.89,2.93,49.3,22.5,2.624,0.4996,SYNTHETIC
CLUSTERIDS,16,dao_flood,50,grid,dao_flood,balanced,0.955,0.0366,178.5,5.53,7.59,2.21,43.6,14.0,2.974,0.9306,SYNTHETIC
B1,16,mixed,50,grid,mixed,balanced,0.7621,0.014,139.9,6.4,6.41,2.81,50.9,13.7,2.809,0.5195,SYNTHETIC
B2,16,mixed,50,grid,mixed,balanced,0.8253,0.0532,190.4,9.73,5.98,2.42,80.6,10.6,2.741,0.4627,SYNTHETIC
B3,16,mixed,50,grid,mixed,balanced,0.8331,0.0236,198.2,11.28,7.21,2.24,61.1,14.2,2.611,0.4935,SYNTHETIC
CLUSTERIDS,16,mixed,50,grid,mixed,balanced,0.9241,0.0288,175.9,8.35,5.24,2.25,44.0,12.6,2.988,0.9083,SYNTHETIC
CLUSTERIDS,16,mixed,50,grid,mixed,full,0.9429,0.0187,138.2,11.34,7.02,2.8,52.7,18,2.6,0.8914,SYNTHETIC
CLUSTERIDS,16,mixed,50,grid,mixed,balanced,0.9182,0.022,128.4,8.55,5.34,2.8,39.8,18,2.8,0.8875,SYNTHETIC
CLUSTERIDS,16,mixed,50,grid,mixed,eco,0.8062,0.015,139.0,4.82,3.42,2.8,27.7,18,3.0,0.9124,SYNTHETIC
CLUSTERIDS,16,mixed,50,grid,mixed,balanced,0.9478,0.0496,112.1,6.5,5,2.8,34.6,16,2.75,0.8791,SYNTHETIC
CLUSTERIDS_NOCLUS,16,mixed,50,grid,mixed,balanced,0.8422,0.044,105.9,10.8,5,2.8,39.3,16,2.75,0.9085,SYNTHETIC
CLUSTERIDS_NOML,16,mixed,50,grid,mixed,balanced,0.9005,0.0505,169.7,10.25,5,2.8,28.6,16,2.75,0.8432,SYNTHETIC
CLUSTERIDS_NOCTX,16,mixed,50,grid,mixed,balanced,0.8837,0.0318,137.2,8.84,5,2.8,30.1,16,2.75,0.8865,SYNTHETIC
CLUSTERIDS_NOENR,16,mixed,50,grid,mixed,balanced,0.9041,0.0468,130.7,9.15,5,2.8,31.6,16,2.75,0.8612,SYNTHETIC
B2,16,mixed,100,grid,mixed,balanced,0.7935,0.03,130,8,5,2.8,79.9,15,2.7,0.87,SYNTHETIC
CLUSTERIDS,16,mixed,100,grid,mixed,balanced,0.934,0.03,130,8,5,2.8,35.4,15,2.7,0.87,SYNTHETIC
B2,16,mixed,200,grid,mixed,balanced,0.8101,0.03,130,8,5,2.8,110.3,15,2.7,0.87,SYNTHETIC
CLUSTERIDS,16,mixed,200,grid,mixed,balanced,0.9445,0.03,130,8,5,2.8,39.5,15,2.7,0.87,SYNTHETIC
B2,16,mixed,300,grid,mixed,balanced,0.7983,0.03,130,8,5,2.8,151.2,15,2.7,0.87,SYNTHETIC
CLUSTERIDS,16,mixed,300,grid,mixed,balanced,0.8927,0.03,130,8,5,2.8,58.5,15,2.7,0.87,SYNTHETIC
B2,16,mixed,500,grid,mixed,balanced,0.7735,0.03,130,8,5,2.8,210.4,15,2.7,0.87,SYNTHETIC
CLUSTERIDS,16,mixed,500,grid,mixed,balanced,0.8693,0.03,130,8,5,2.8,79.9,15,2.7,0.87,SYNTHETIC
B1,17,rank,50,grid,rank,balanced,0.7764,0.0133,125.7,7.01,5.79,1.72,54.5,15.1,2.816,0.5473,SYNTHETIC
B2,17,rank,50,grid,rank,balanced,0.785,0.0432,88.6,6.13,3.37,1.98,79.0,19.7,2.636,0.5229,SYNTHETIC
B3,17,rank,50,grid,rank,balanced,0.8125,0.0354,123.6,9.11,7.79,2.12,50.4,20.9,2.831,0.5059,SYNTHETIC
CLUSTERIDS,17,rank,50,grid,rank,balanced,0.9589,0.0255,89.6,6.17,2.62,1.6,54.6,10.4,2.699,0.8539,SYNTHETIC
B1,17,sel_fwd,50,grid,sel_fwd,balanced,0.7808,0.0267,111.5,6.09,5.93,2.83,48.6,14.3,2.813,0.5211,SYNTHETIC
B2,17,sel_fwd,50,grid,sel_fwd,balanced,0.8459,0.0612,83.4,9.64,7.16,1.99,66.6,18.1,2.636,0.5122,SYNTHETIC
B3,17,sel_fwd,50,grid,sel_fwd,balanced,0.8003,0.0372,163.7,6.24,5.59,2.45,45.8,17.9,2.82,0.4709,SYNTHETIC
CLUSTERIDS,17,sel_fwd,50,grid,sel_fwd,balanced,0.9232,0.0369,144.8,10.63,4.65,2.05,49.7,10.0,2.908,0.9055,SYNTHETIC
B1,17,wormhole,50,grid,wormhole,balanced,0.7606,0.024,136.3,5.06,7.53,2.92,49.3,16.5,2.646,0.5006,SYNTHETIC
B2,17,wormhole,50,grid,wormhole,balanced,0.7903,0.051,124.8,7.88,5.36,2.09,84.2,15.8,2.689,0.5419,SYNTHETIC
B3,17,wormhole,50,grid,wormhole,balanced,0.8183,0.0384,108.7,10.35,7.46,2.71,48.4,21.1,2.904,0.4775,SYNTHETIC
CLUSTERIDS,17,wormhole,50,grid,wormhole,balanced,0.8665,0.0382,101.9,7.03,5.82,2.43,49.0,12.8,2.51,0.9215,SYNTHETIC
B1,17,dao_flood,50,grid,dao_flood,balanced,0.8036,0.033,102.3,5.72,3.62,2.57,49.5,12.3,2.747,0.4784,SYNTHETIC
B2,17,dao_flood,50,grid,dao_flood,balanced,0.8106,0.0558,175.9,11.99,4.78,2.69,75.3,24.3,2.528,0.5506,SYNTHETIC
B3,17,dao_flood,50,grid,dao_flood,balanced,0.8512,0.027,136.4,6.35,7.05,2.73,51.2,21.5,2.624,0.4865,SYNTHETIC
CLUSTERIDS,17,dao_flood,50,grid,dao_flood,balanced,0.9329,0.0214,168.5,5.23,4.77,2.66,35.9,17.1,2.841,0.8687,SYNTHETIC
B1,17,mixed,50,grid,mixed,balanced,0.7733,0.0365,155.5,5.3,7.62,2.28,49.9,13.0,2.944,0.5428,SYNTHETIC
B2,17,mixed,50,grid,mixed,balanced,0.8292,0.0458,93.6,9.43,3.95,1.75,79.6,21.8,2.504,0.5149,SYNTHETIC
B3,17,mixed,50,grid,mixed,balanced,0.8838,0.0336,137.0,9.17,4.23,1.63,51.2,19.3,2.965,0.511,SYNTHETIC
CLUSTERIDS,17,mixed,50,grid,mixed,balanced,0.958,0.0298,87.2,9.51,6.21,2.69,52.6,24.7,2.894,0.8955,SYNTHETIC
CLUSTERIDS,17,mixed,50,grid,mixed,full,0.9515,0.0142,120.7,11.27,7.43,2.8,54.0,18,2.6,0.9084,SYNTHETIC
CLUSTERIDS,17,mixed,50,grid,mixed,balanced,0.9485,0.0209,120.6,8.29,5.45,2.8,42.7,18,2.8,0.9119,SYNTHETIC
CLUSTERIDS,17,mixed,50,grid,mixed,eco,0.8013,0.023,109.3,6.04,2.42,2.8,26.9,18,3.0,0.8975,SYNTHETIC
CLUSTERIDS,17,mixed,50,grid,mixed,balanced,0.9394,0.0469,114.8,7.84,5,2.8,40.7,16,2.75,0.8503,SYNTHETIC
CLUSTERIDS_NOCLUS,17,mixed,50,grid,mixed,balanced,0.8507,0.0444,96.4,10.28,5,2.8,35.5,16,2.75,0.8208,SYNTHETIC
CLUSTERIDS_NOML,17,mixed,50,grid,mixed,balanced,0.8847,0.0256,135.4,7.94,5,2.8,30.4,16,2.75,0.8429,SYNTHETIC
CLUSTERIDS_NOCTX,17,mixed,50,grid,mixed,balanced,0.8539,0.0356,119.2,9.2,5,2.8,38.7,16,2.75,0.8811,SYNTHETIC
CLUSTERIDS_NOENR,17,mixed,50,grid,mixed,balanced,0.9047,0.0477,104.7,10.37,5,2.8,36.4,16,2.75,0.894,SYNTHETIC
B2,17,mixed,100,grid,mixed,balanced,0.8312,0.03,130,8,5,2.8,78.8,15,2.7,0.87,SYNTHETIC
CLUSTERIDS,17,mixed,100,grid,mixed,balanced,0.9351,0.03,130,8,5,2.8,30.7,15,2.7,0.87,SYNTHETIC
B2,17,mixed,200,grid,mixed,balanced,0.7693,0.03,130,8,5,2.8,108.7,15,2.7,0.87,SYNTHETIC
CLUSTERIDS,17,mixed,200,grid,mixed,balanced,0.9093,0.03,130,8,5,2.8,53.8,15,2.7,0.87,SYNTHETIC
B2,17,mixed,300,grid,mixed,balanced,0.784,0.03,130,8,5,2.8,143.8,15,2.7,0.87,SYNTHETIC
CLUSTERIDS,17,mixed,300,grid,mixed,balanced,0.9124,0.03,130,8,5,2.8,59.5,15,2.7,0.87,SYNTHETIC
B2,17,mixed,500,grid,mixed,balanced,0.7281,0.03,130,8,5,2.8,215.6,15,2.7,0.87,SYNTHETIC
CLUSTERIDS,17,mixed,500,grid,mixed,balanced,0.9115,0.03,130,8,5,2.8,89.3,15,2.7,0.87,SYNTHETIC
B1,18,rank,50,grid,rank,balanced,0.8037,0.0338,192.6,7.91,4.21,2.56,51.8,10.6,2.535,0.4789,SYNTHETIC
B2,18,rank,50,grid,rank,balanced,0.804,0.0682,195.3,5.68,6.35,2.3,82.3,13.7,2.813,0.534,SYNTHETIC
B3,18,rank,50,grid,rank,balanced,0.8644,0.042,129.8,5.74,5.83,2.04,42.9,23.2,2.583,0.5114,SYNTHETIC
CLUSTERIDS,18,rank,50,grid,rank,balanced,0.9386,0.0373,120.5,6.11,7.99,2.16,47.4,24.9,2.662,0.9009,SYNTHETIC
B1,18,sel_fwd,50,grid,sel_fwd,balanced,0.7565,0.0398,131.7,10.08,5.65,2.34,51.9,23.9,2.627,0.5498,SYNTHETIC
B2,18,sel_fwd,50,grid,sel_fwd,balanced,0.8412,0.0479,127.7,10.08,7.9,2.39,64.2,14.5,2.65,0.4895,SYNTHETIC
B3,18,sel_fwd,50,grid,sel_fwd,balanced,0.8569,0.0455,82.6,10.75,6.14,1.91,44.0,23.9,2.577,0.4873,SYNTHETIC
CLUSTERIDS,18,sel_fwd,50,grid,sel_fwd,balanced,0.9482,0.0318,96.6,7.57,5.49,1.85,50.8,16.0,2.959,0.8678,SYNTHETIC
B1,18,wormhole,50,grid,wormhole,balanced,0.7468,0.0172,175.1,6.21,6.95,2.53,40.3,18.9,2.65,0.4698,SYNTHETIC
B2,18,wormhole,50,grid,wormhole,balanced,0.7868,0.0396,89.4,5.39,6.63,2.02,82.1,23.0,2.935,0.4716,SYNTHETIC
B3,18,wormhole,50,grid,wormhole,balanced,0.8242,0.0415,152.3,5.08,6.66,2.07,49.5,18.1,2.575,0.5082,SYNTHETIC
CLUSTERIDS,18,wormhole,50,grid,wormhole,balanced,0.8859,0.0299,86.1,10.12,4.36,2.17,45.1,13.3,2.645,0.86,SYNTHETIC
B1,18,dao_flood,50,grid,dao_flood,balanced,0.7716,0.0326,89.9,9.0,2.3,2.1,55.1,21.6,2.565,0.518,SYNTHETIC
B2,18,dao_flood,50,grid,dao_flood,balanced,0.8369,0.0577,138.5,9.57,3.18,2.42,79.7,11.1,2.888,0.4775,SYNTHETIC
B3,18,dao_flood,50,grid,dao_flood,balanced,0.8298,0.0463,90.8,9.7,4.54,2.02,47.1,10.4,2.652,0.5364,SYNTHETIC
CLUSTERIDS,18,dao_flood,50,grid,dao_flood,balanced,0.9576,0.0291,198.8,8.1,2.87,1.57,51.4,15.6,2.879,0.8618,SYNTHETIC
B1,18,mixed,50,grid,mixed,balanced,0.7859,0.0269,86.5,11.64,7.56,2.8,50.4,20.4,2.556,0.4955,SYNTHETIC
B2,18,mixed,50,grid,mixed,balanced,0.8159,0.0505,105.1,8.77,3.22,2.28,79.7,20.9,2.571,0.5344,SYNTHETIC
B3,18,mixed,50,grid,mixed,balanced,0.8488,0.0285,150.0,9.64,2.26,1.76,48.1,19.3,2.527,0.5517,SYNTHETIC
CLUSTERIDS,18,mixed,50,grid,mixed,balanced,0.9285,0.0291,126.6,6.9,7.11,2.49,50.6,23.0,2.825,0.8756,SYNTHETIC
CLUSTERIDS,18,mixed,50,grid,mixed,full,0.9523,0.0308,158.4,11.35,7.15,2.8,57.5,18,2.6,0.8817,SYNTHETIC
CLUSTERIDS,18,mixed,50,grid,mixed,balanced,0.9392,0.0315,122.1,8.59,4.97,2.8,42.1,18,2.8,0.9246,SYNTHETIC
CLUSTERIDS,18,mixed,50,grid,mixed,eco,0.81,0.0202,101.0,5.23,3.23,2.8,26.4,18,3.0,0.8896,SYNTHETIC
CLUSTERIDS,18,mixed,50,grid,mixed,balanced,0.9534,0.0384,155.9,9.13,5,2.8,41.1,16,2.75,0.7919,SYNTHETIC
CLUSTERIDS_NOCLUS,18,mixed,50,grid,mixed,balanced,0.8619,0.0378,136.6,7.4,5,2.8,39.9,16,2.75,0.9196,SYNTHETIC
CLUSTERIDS_NOML,18,mixed,50,grid,mixed,balanced,0.8853,0.0364,123.7,10.8,5,2.8,30.7,16,2.75,0.8136,SYNTHETIC
CLUSTERIDS_NOCTX,18,mixed,50,grid,mixed,balanced,0.8821,0.0473,106.5,10.85,5,2.8,38.0,16,2.75,0.8308,SYNTHETIC
CLUSTERIDS_NOENR,18,mixed,50,grid,mixed,balanced,0.8569,0.0382,105.4,8.71,5,2.8,37.5,16,2.75,0.7742,SYNTHETIC
B2,18,mixed,100,grid,mixed,balanced,0.7987,0.03,130,8,5,2.8,82.3,15,2.7,0.87,SYNTHETIC
CLUSTERIDS,18,mixed,100,grid,mixed,balanced,0.9093,0.03,130,8,5,2.8,36.6,15,2.7,0.87,SYNTHETIC
B2,18,mixed,200,grid,mixed,balanced,0.8545,0.03,130,8,5,2.8,109.6,15,2.7,0.87,SYNTHETIC
CLUSTERIDS,18,mixed,200,grid,mixed,balanced,0.9385,0.03,130,8,5,2.8,58.2,15,2.7,0.87,SYNTHETIC
B2,18,mixed,300,grid,mixed,balanced,0.8052,0.03,130,8,5,2.8,142.8,15,2.7,0.87,SYNTHETIC
CLUSTERIDS,18,mixed,300,grid,mixed,balanced,0.8544,0.03,130,8,5,2.8,56.7,15,2.7,0.87,SYNTHETIC
B2,18,mixed,500,grid,mixed,balanced,0.7829,0.03,130,8,5,2.8,218.0,15,2.7,0.87,SYNTHETIC
CLUSTERIDS,18,mixed,500,grid,mixed,balanced,0.9034,0.03,130,8,5,2.8,79.5,15,2.7,0.87,SYNTHETIC
B1,19,rank,50,grid,rank,balanced,0.784,0.0136,129.7,7.88,4.66,2.9,59.2,14.1,2.89,0.4569,SYNTHETIC
B2,19,rank,50,grid,rank,balanced,0.83,0.0532,171.5,9.28,3.6,2.35,80.4,20.3,2.68,0.5217,SYNTHETIC
B3,19,rank,50,grid,rank,balanced,0.8414,0.0216,140.3,9.23,6.27,2.06,53.5,12.1,2.597,0.4721,SYNTHETIC
CLUSTERIDS,19,rank,50,grid,rank,balanced,0.9633,0.0327,81.8,6.89,4.48,2.61,58.4,11.0,2.964,0.8763,SYNTHETIC
B1,19,sel_fwd,50,grid,sel_fwd,balanced,0.82,0.0286,138.8,7.27,4.75,1.87,48.8,21.0,2.69,0.5049,SYNTHETIC
B2,19,sel_fwd,50,grid,sel_fwd,balanced,0.8094,0.0602,169.1,9.16,5.15,2.81,81.4,16.8,2.914,0.4646,SYNTHETIC
B3,19,sel_fwd,50,grid,sel_fwd,balanced,0.9139,0.037,142.2,7.77,6.41,2.34,43.0,10.7,2.646,0.4957,SYNTHETIC
CLUSTERIDS,19,sel_fwd,50,grid,sel_fwd,balanced,0.9163,0.0341,179.3,8.23,4.53,2.42,55.7,12.1,2.915,0.8922,SYNTHETIC
B1,19,wormhole,50,grid,wormhole,balanced,0.7194,0.0338,93.6,10.45,7.63,2.54,53.4,16.8,2.589,0.5233,SYNTHETIC
B2,19,wormhole,50,grid,wormhole,balanced,0.7634,0.0432,104.2,8.18,3.5,2.54,87.4,20.8,2.562,0.4705,SYNTHETIC
B3,19,wormhole,50,grid,wormhole,balanced,0.8365,0.0357,123.6,8.67,4.3,2.69,37.8,15.7,2.69,0.4946,SYNTHETIC
CLUSTERIDS,19,wormhole,50,grid,wormhole,balanced,0.9051,0.0125,147.9,9.62,2.9,2.8,53.4,16.3,2.655,0.9227,SYNTHETIC
B1,19,dao_flood,50,grid,dao_flood,balanced,0.7825,0.0214,155.2,5.82,2.79,1.8,47.3,16.9,2.928,0.484,SYNTHETIC
B2,19,dao_flood,50,grid,dao_flood,balanced,0.8179,0.0498,185.9,6.67,5.53,2.21,78.3,19.0,2.622,0.5065,SYNTHETIC
B3,19,dao_flood,50,grid,dao_flood,balanced,0.8234,0.0267,146.9,10.78,2.29,1.72,49.2,22.8,2.833,0.4933,SYNTHETIC
CLUSTERIDS,19,dao_flood,50,grid,dao_flood,balanced,0.9388,0.0243,190.4,5.34,4.5,1.77,46.8,20.4,2.797,0.8436,SYNTHETIC
B1,19,mixed,50,grid,mixed,balanced,0.7829,0.0251,134.6,9.05,7.59,1.64,48.5,15.7,2.534,0.5274,SYNTHETIC
B2,19,mixed,50,grid,mixed,balanced,0.7973,0.0545,115.1,5.94,6.17,1.91,74.0,20.4,2.806,0.4938,SYNTHETIC
B3,19,mixed,50,grid,mixed,balanced,0.875,0.0382,155.5,11.91,4.9,2.53,63.4,14.3,2.804,0.4645,SYNTHETIC
CLUSTERIDS,19,mixed,50,grid,mixed,balanced,0.9201,0.0389,199.4,7.48,2.78,2.34,43.0,17.4,2.59,0.8748,SYNTHETIC
CLUSTERIDS,19,mixed,50,grid,mixed,full,0.9257,0.019,158.5,11.11,7.0,2.8,53.9,18,2.6,0.8929,SYNTHETIC
CLUSTERIDS,19,mixed,50,grid,mixed,balanced,0.9507,0.0162,159.9,8.11,5.14,2.8,38.0,18,2.8,0.8894,SYNTHETIC
CLUSTERIDS,19,mixed,50,grid,mixed,eco,0.8334,0.0153,109.7,5.61,2.75,2.8,25.3,18,3.0,0.8993,SYNTHETIC
CLUSTERIDS,19,mixed,50,grid,mixed,balanced,0.9604,0.0406,120.6,9.62,5,2.8,34.3,16,2.75,0.8435,SYNTHETIC
CLUSTERIDS_NOCLUS,19,mixed,50,grid,mixed,balanced,0.8681,0.048,120.3,9.36,5,2.8,41.2,16,2.75,0.8141,SYNTHETIC
CLUSTERIDS_NOML,19,mixed,50,grid,mixed,balanced,0.876,0.0309,142.0,10.46,5,2.8,31.5,16,2.75,0.8417,SYNTHETIC
CLUSTERIDS_NOCTX,19,mixed,50,grid,mixed,balanced,0.8844,0.0299,150.7,10.18,5,2.8,33.0,16,2.75,0.9112,SYNTHETIC
CLUSTERIDS_NOENR,19,mixed,50,grid,mixed,balanced,0.8601,0.0514,110.6,9.43,5,2.8,37.6,16,2.75,0.7703,SYNTHETIC
B2,19,mixed,100,grid,mixed,balanced,0.778,0.03,130,8,5,2.8,85.5,15,2.7,0.87,SYNTHETIC
CLUSTERIDS,19,mixed,100,grid,mixed,balanced,0.919,0.03,130,8,5,2.8,38.2,15,2.7,0.87,SYNTHETIC
B2,19,mixed,200,grid,mixed,balanced,0.8279,0.03,130,8,5,2.8,109.3,15,2.7,0.87,SYNTHETIC
CLUSTERIDS,19,mixed,200,grid,mixed,balanced,0.9243,0.03,130,8,5,2.8,43.6,15,2.7,0.87,SYNTHETIC
B2,19,mixed,300,grid,mixed,balanced,0.7693,0.03,130,8,5,2.8,149.3,15,2.7,0.87,SYNTHETIC
CLUSTERIDS,19,mixed,300,grid,mixed,balanced,0.922,0.03,130,8,5,2.8,54.7,15,2.7,0.87,SYNTHETIC
B2,19,mixed,500,grid,mixed,balanced,0.7652,0.03,130,8,5,2.8,210.8,15,2.7,0.87,SYNTHETIC
CLUSTERIDS,19,mixed,500,grid,mixed,balanced,0.9003,0.03,130,8,5,2.8,86.0,15,2.7,0.87,SYNTHETIC
B1,20,rank,50,grid,rank,balanced,0.7653,0.0301,134.2,11.66,3.3,1.95,56.7,21.7,2.957,0.5341,SYNTHETIC
B2,20,rank,50,grid,rank,balanced,0.8158,0.0506,137.9,8.5,3.14,2.89,79.3,21.6,2.572,0.4637,SYNTHETIC
B3,20,rank,50,grid,rank,balanced,0.8757,0.0193,192.6,9.74,2.8,2.59,42.3,17.8,2.502,0.512,SYNTHETIC
CLUSTERIDS,20,rank,50,grid,rank,balanced,0.9578,0.025,151.3,5.61,4.8,1.57,42.7,14.7,2.789,0.8743,SYNTHETIC
B1,20,sel_fwd,50,grid,sel_fwd,balanced,0.7639,0.0456,118.5,6.35,3.66,1.98,47.7,12.2,2.637,0.5054,SYNTHETIC
B2,20,sel_fwd,50,grid,sel_fwd,balanced,0.8478,0.0511,141.7,6.45,4.1,1.98,84.9,14.2,2.622,0.5364,SYNTHETIC
B3,20,sel_fwd,50,grid,sel_fwd,balanced,0.8749,0.0348,120.6,8.11,2.78,2.21,48.9,10.8,2.713,0.4873,SYNTHETIC
CLUSTERIDS,20,sel_fwd,50,grid,sel_fwd,balanced,0.9416,0.0397,151.1,10.85,6.2,2.42,46.5,20.7,2.835,0.9311,SYNTHETIC
B1,20,wormhole,50,grid,wormhole,balanced,0.6972,0.0255,170.7,8.26,2.79,2.72,54.9,16.8,2.842,0.4837,SYNTHETIC
B2,20,wormhole,50,grid,wormhole,balanced,0.7845,0.0413,107.8,6.57,7.17,2.43,84.3,20.5,2.833,0.4844,SYNTHETIC
B3,20,wormhole,50,grid,wormhole,balanced,0.83,0.0139,134.4,5.21,4.85,2.03,47.0,21.5,2.802,0.5044,SYNTHETIC
CLUSTERIDS,20,wormhole,50,grid,wormhole,balanced,0.9065,0.0327,178.1,10.58,3.96,2.47,51.6,16.0,2.707,0.8443,SYNTHETIC
B1,20,dao_flood,50,grid,dao_flood,balanced,0.7617,0.0231,196.9,7.69,4.04,2.72,42.6,16.5,2.894,0.4716,SYNTHETIC
B2,20,dao_flood,50,grid,dao_flood,balanced,0.8059,0.0484,159.5,5.55,7.59,2.36,73.3,16.9,2.778,0.5034,SYNTHETIC
B3,20,dao_flood,50,grid,dao_flood,balanced,0.8554,0.0255,194.7,5.49,2.65,2.72,50.7,17.4,2.83,0.471,SYNTHETIC
CLUSTERIDS,20,dao_flood,50,grid,dao_flood,balanced,0.9611,0.0379,186.5,11.32,5.82,1.5,51.7,18.0,2.695,0.8936,SYNTHETIC
B1,20,mixed,50,grid,mixed,balanced,0.7684,0.0275,161.8,7.22,5.42,2.87,46.0,16.5,2.991,0.5677,SYNTHETIC
B2,20,mixed,50,grid,mixed,balanced,0.8152,0.0529,81.0,11.9,4.43,1.69,78.7,18.2,2.527,0.5277,SYNTHETIC
B3,20,mixed,50,grid,mixed,balanced,0.8393,0.0158,123.1,11.03,7.19,1.85,48.5,14.8,2.691,0.4713,SYNTHETIC
CLUSTERIDS,20,mixed,50,grid,mixed,balanced,0.9115,0.0368,159.5,8.32,3.13,2.08,58.5,12.3,2.999,0.8538,SYNTHETIC
CLUSTERIDS,20,mixed,50,grid,mixed,full,0.9448,0.0222,95.0,11.8,7.05,2.8,51.8,18,2.6,0.9018,SYNTHETIC
CLUSTERIDS,20,mixed,50,grid,mixed,balanced,0.9384,0.0248,135.0,8.02,5.17,2.8,43.0,18,2.8,0.8736,SYNTHETIC
CLUSTERIDS,20,mixed,50,grid,mixed,eco,0.8088,0.0167,125.7,4.98,2.89,2.8,26.8,18,3.0,0.9101,SYNTHETIC
CLUSTERIDS,20,mixed,50,grid,mixed,balanced,0.9092,0.032,158.5,7.18,5,2.8,30.9,16,2.75,0.8496,SYNTHETIC
CLUSTERIDS_NOCLUS,20,mixed,50,grid,mixed,balanced,0.8417,0.0373,168.4,8.84,5,2.8,34.5,16,2.75,0.8312,SYNTHETIC
CLUSTERIDS_NOML,20,mixed,50,grid,mixed,balanced,0.8596,0.0418,105.7,9.66,5,2.8,46.4,16,2.75,0.8382,SYNTHETIC
CLUSTERIDS_NOCTX,20,mixed,50,grid,mixed,balanced,0.884,0.029,100.9,10.45,5,2.8,38.8,16,2.75,0.8739,SYNTHETIC
CLUSTERIDS_NOENR,20,mixed,50,grid,mixed,balanced,0.8673,0.0146,100.9,9.17,5,2.8,36.0,16,2.75,0.8169,SYNTHETIC
B2,20,mixed,100,grid,mixed,balanced,0.8274,0.03,130,8,5,2.8,76.5,15,2.7,0.87,SYNTHETIC
CLUSTERIDS,20,mixed,100,grid,mixed,balanced,0.924,0.03,130,8,5,2.8,31.5,15,2.7,0.87,SYNTHETIC
B2,20,mixed,200,grid,mixed,balanced,0.7776,0.03,130,8,5,2.8,109.6,15,2.7,0.87,SYNTHETIC
CLUSTERIDS,20,mixed,200,grid,mixed,balanced,0.9079,0.03,130,8,5,2.8,43.8,15,2.7,0.87,SYNTHETIC
B2,20,mixed,300,grid,mixed,balanced,0.8247,0.03,130,8,5,2.8,142.8,15,2.7,0.87,SYNTHETIC
CLUSTERIDS,20,mixed,300,grid,mixed,balanced,0.8987,0.03,130,8,5,2.8,62.3,15,2.7,0.87,SYNTHETIC
B2,20,mixed,500,grid,mixed,balanced,0.7994,0.03,130,8,5,2.8,211.1,15,2.7,0.87,SYNTHETIC
CLUSTERIDS,20,mixed,500,grid,mixed,balanced,0.8763,0.03,130,8,5,2.8,78.6,15,2.7,0.87,SYNTHETIC
